"SEX"	"mage"	"grp"	"firstmar"	"pct"
1	14	"A"	0	0.0089
1	15	"A"	0	0.3141
1	15	"B"	0	0.5346
1	15	"N"	0	0.6535
1	15	"W"	0	0.2262
1	16	"A"	0	0.0826
1	16	"B"	0	0.3246
1	16	"N"	0	0.7426
1	16	"W"	0	0.2138
1	17	"A"	0	0.3296
1	17	"B"	0	0.2741
1	17	"N"	0	0.2342
1	17	"W"	0	0.3366
1	18	"A"	0	0.5657
1	18	"B"	0	0.6849
1	18	"N"	0	1.2231
1	18	"W"	0	0.8146
1	19	"A"	0	0.7057
1	19	"B"	0	1.169
1	19	"N"	0	2.6764
1	19	"W"	0	1.2519
1	20	"A"	0	1.0901
1	20	"B"	0	1.6918
1	20	"N"	0	2.0176
1	20	"W"	0	1.7659
1	21	"A"	0	1.228
1	21	"B"	0	2.0596
1	21	"N"	0	4.2242
1	21	"W"	0	2.6571
1	22	"A"	0	1.9761
1	22	"B"	0	2.8017
1	22	"N"	0	3.6452
1	22	"W"	0	3.5273
1	23	"A"	0	2.5198
1	23	"B"	0	2.5812
1	23	"N"	0	5.3248
1	23	"W"	0	4.1766
1	24	"A"	0	3.3854
1	24	"B"	0	3.1285
1	24	"N"	0	4.8444
1	24	"W"	0	4.4525
1	25	"A"	0	4.6124
1	25	"B"	0	3.4847
1	25	"N"	0	3.6386
1	25	"W"	0	4.695
1	26	"A"	0	6.8578
1	26	"B"	0	4.1222
1	26	"N"	0	3.3418
1	26	"W"	0	5.0205
1	27	"A"	0	8.3806
1	27	"B"	0	3.6482
1	27	"N"	0	3.5148
1	27	"W"	0	5.1586
1	28	"A"	0	8.4284
1	28	"B"	0	4.7099
1	28	"N"	0	4.0884
1	28	"W"	0	4.878
1	29	"A"	0	8.4352
1	29	"B"	0	4.4132
1	29	"N"	0	2.8347
1	29	"W"	0	4.6566
1	30	"A"	0	6.4855
1	30	"B"	0	3.6472
1	30	"N"	0	3.1648
1	30	"W"	0	4.4547
1	31	"A"	0	5.3745
1	31	"B"	0	3.5853
1	31	"N"	0	2.5313
1	31	"W"	0	4.0286
1	32	"A"	0	4.5038
1	32	"B"	0	3.335
1	32	"N"	0	3.624
1	32	"W"	0	3.4324
1	33	"A"	0	3.8321
1	33	"B"	0	3.3449
1	33	"N"	0	2.9798
1	33	"W"	0	3.2002
1	34	"A"	0	3.3001
1	34	"B"	0	3.3843
1	34	"N"	0	3.4217
1	34	"W"	0	2.8666
1	35	"A"	0	3.0304
1	35	"B"	0	3.0607
1	35	"N"	0	2.0535
1	35	"W"	0	2.5877
1	36	"A"	0	2.5499
1	36	"B"	0	3.1638
1	36	"N"	0	3.4283
1	36	"W"	0	2.2499
1	37	"A"	0	1.7943
1	37	"B"	0	2.733
1	37	"N"	0	2.8614
1	37	"W"	0	2.1062
1	38	"A"	0	1.754
1	38	"B"	0	2.8746
1	38	"N"	0	1.2364
1	38	"W"	0	2.0422
1	39	"A"	0	1.6709
1	39	"B"	0	2.4655
1	39	"N"	0	1.8313
1	39	"W"	0	1.9735
1	40	"A"	0	1.5251
1	40	"B"	0	2.0348
1	40	"N"	0	2.0815
1	40	"W"	0	1.8227
1	41	"A"	0	1.6042
1	41	"B"	0	2.0083
1	41	"N"	0	1.2257
1	41	"W"	0	1.6927
1	42	"A"	0	1.1052
1	42	"B"	0	2.2058
1	42	"N"	0	2.8534
1	42	"W"	0	1.6184
1	43	"A"	0	1.3651
1	43	"B"	0	1.8661
1	43	"N"	0	1.8645
1	43	"W"	0	1.3339
1	44	"A"	0	1.0972
1	44	"B"	0	1.7287
1	44	"N"	0	2.333
1	44	"W"	0	1.352
1	45	"A"	0	0.7214
1	45	"B"	0	1.8632
1	45	"N"	0	0.8624
1	45	"W"	0	1.384
1	46	"A"	0	0.8009
1	46	"B"	0	1.7487
1	46	"N"	0	0.2742
1	46	"W"	0	1.3052
1	47	"A"	0	0.8451
1	47	"B"	0	1.5285
1	47	"N"	0	3.0091
1	47	"W"	0	1.2619
1	48	"A"	0	0.8906
1	48	"B"	0	1.4277
1	48	"N"	0	1.8299
1	48	"W"	0	1.1234
1	49	"A"	0	0.6856
1	49	"B"	0	1.7356
1	49	"N"	0	0.8877
1	49	"W"	0	1.1761
1	50	"A"	0	0.5292
1	50	"B"	0	1.3654
1	50	"N"	0	0.7799
1	50	"W"	0	1.0116
1	51	"A"	0	0.4749
1	51	"B"	0	1.308
1	51	"N"	0	1.2723
1	51	"W"	0	1.0357
1	52	"A"	0	0.6788
1	52	"B"	0	1.0618
1	52	"N"	0	0.1038
1	52	"W"	0	0.8935
1	53	"A"	0	0.459
1	53	"B"	0	1.0275
1	53	"N"	0	1.4799
1	53	"W"	0	0.87
1	54	"A"	0	0.4691
1	54	"B"	0	1.1488
1	54	"N"	0	1.6077
1	54	"W"	0	0.9077
1	55	"A"	0	0.431
1	55	"B"	0	0.9353
1	55	"N"	0	0.4086
1	55	"W"	0	0.7695
1	56	"A"	0	0.3492
1	56	"B"	0	0.968
1	56	"N"	0	0.5377
1	56	"W"	0	0.7094
1	57	"A"	0	0.1475
1	57	"B"	0	0.8555
1	57	"N"	0	0.6109
1	57	"W"	0	0.7406
1	58	"A"	0	0.2609
1	58	"B"	0	0.6919
1	58	"N"	0	0.4871
1	58	"W"	0	0.5976
1	59	"A"	0	0.28
1	59	"B"	0	0.6049
1	59	"N"	0	0.5071
1	59	"W"	0	0.5471
1	60	"A"	0	0.244
1	60	"B"	0	0.5571
1	60	"N"	0	0.2768
1	60	"W"	0	0.5487
1	61	"A"	0	0.2041
1	61	"B"	0	0.5916
1	61	"N"	0	1.0208
1	61	"W"	0	0.4843
1	62	"A"	0	0.2346
1	62	"B"	0	0.47
1	62	"N"	0	0.3287
1	62	"W"	0	0.4158
1	63	"A"	0	0.221
1	63	"B"	0	0.3473
1	63	"N"	0	0.3367
1	63	"W"	0	0.4176
1	64	"A"	0	0.2222
1	64	"B"	0	0.4023
1	64	"N"	0	0.0812
1	64	"W"	0	0.3514
1	65	"A"	0	0.076
1	65	"B"	0	0.3821
1	65	"N"	0	0.7746
1	65	"W"	0	0.3303
1	66	"A"	0	0.1123
1	66	"B"	0	0.2856
1	66	"N"	0	0.342
1	66	"W"	0	0.2901
1	67	"A"	0	0.0426
1	67	"B"	0	0.2284
1	67	"N"	0	0.1797
1	67	"W"	0	0.2928
1	68	"A"	0	0.0882
1	68	"B"	0	0.1717
1	68	"N"	0	0.0639
1	68	"W"	0	0.2027
1	69	"A"	0	0.0379
1	69	"B"	0	0.1779
1	69	"N"	0	0.3394
1	69	"W"	0	0.172
1	70	"A"	0	0.0937
1	70	"B"	0	0.1582
1	70	"N"	0	0.201
1	70	"W"	0	0.1894
1	71	"A"	0	0.1075
1	71	"B"	0	0.121
1	71	"N"	0	0.1131
1	71	"W"	0	0.1429
1	72	"A"	0	0.0493
1	72	"B"	0	0.1193
1	72	"W"	0	0.1452
1	73	"A"	0	0.0586
1	73	"B"	0	0.1245
1	73	"W"	0	0.1267
1	74	"A"	0	0.0161
1	74	"B"	0	0.0757
1	74	"N"	0	0.2369
1	74	"W"	0	0.1317
1	75	"B"	0	0.0915
1	75	"W"	0	0.1039
1	76	"A"	0	0.0522
1	76	"B"	0	0.0627
1	76	"W"	0	0.099
1	77	"A"	0	0.0276
1	77	"B"	0	0.0839
1	77	"W"	0	0.086
1	78	"A"	0	0.0272
1	78	"B"	0	0.0207
1	78	"N"	0	0.1637
1	78	"W"	0	0.084
1	79	"A"	0	0.0127
1	79	"B"	0	0.0391
1	79	"N"	0	0.0732
1	79	"W"	0	0.0495
1	80	"A"	0	0.0197
1	80	"B"	0	0.0409
1	80	"W"	0	0.0664
1	81	"N"	0	0.2755
1	81	"W"	0	0.0656
1	82	"B"	0	0.0249
1	82	"W"	0	0.05
1	83	"A"	0	0.0558
1	83	"B"	0	0.0416
1	83	"W"	0	0.0522
1	84	"A"	0	0.0366
1	84	"B"	0	0.0054
1	84	"W"	0	0.0422
1	85	"B"	0	0.0039
1	85	"W"	0	0.0334
1	86	"B"	0	0.0132
1	86	"W"	0	0.0234
1	87	"W"	0	0.0079
1	88	"A"	0	0.0113
1	88	"B"	0	0.0178
1	88	"W"	0	0.0104
1	89	"A"	0	0.0131
1	89	"B"	0	0.0047
1	89	"N"	0	0.0399
1	89	"W"	0	0.006
1	90	"W"	0	0.0156
1	91	"W"	0	0.0097
1	92	"W"	0	0.0107
1	93	"W"	0	0.0096
1	94	"W"	0	0.0066
2	15	"A"	0	0.4152
2	15	"B"	0	0.5093
2	15	"N"	0	0.2226
2	15	"W"	0	0.2337
2	16	"A"	0	0.2436
2	16	"B"	0	0.4275
2	16	"N"	0	0.7673
2	16	"W"	0	0.3519
2	17	"A"	0	0.5135
2	17	"B"	0	0.4188
2	17	"N"	0	0.5157
2	17	"W"	0	0.7368
2	18	"A"	0	0.929
2	18	"B"	0	1.2084
2	18	"N"	0	3.2805
2	18	"W"	0	1.6165
2	19	"A"	0	1.3211
2	19	"B"	0	1.4128
2	19	"N"	0	3.1182
2	19	"W"	0	2.5217
2	20	"A"	0	1.4428
2	20	"B"	0	2.1438
2	20	"N"	0	3.7371
2	20	"W"	0	3.084
2	21	"A"	0	2.7331
2	21	"B"	0	2.7275
2	21	"N"	0	6.8364
2	21	"W"	0	3.8075
2	22	"A"	0	3.6017
2	22	"B"	0	3.255
2	22	"N"	0	3.2151
2	22	"W"	0	4.7134
2	23	"A"	0	5.1758
2	23	"B"	0	3.6896
2	23	"N"	0	4.2855
2	23	"W"	0	4.9766
2	24	"A"	0	6.3146
2	24	"B"	0	4.208
2	24	"N"	0	3.727
2	24	"W"	0	5.3258
2	25	"A"	0	7.4678
2	25	"B"	0	3.87
2	25	"N"	0	4.1446
2	25	"W"	0	5.5939
2	26	"A"	0	8.6815
2	26	"B"	0	5.0245
2	26	"N"	0	5.0779
2	26	"W"	0	5.6305
2	27	"A"	0	7.207
2	27	"B"	0	4.3515
2	27	"N"	0	5.3911
2	27	"W"	0	5.2831
2	28	"A"	0	6.6416
2	28	"B"	0	4.5311
2	28	"N"	0	3.8918
2	28	"W"	0	4.7749
2	29	"A"	0	5.9398
2	29	"B"	0	4.5841
2	29	"N"	0	3.3874
2	29	"W"	0	4.4838
2	30	"A"	0	5.2057
2	30	"B"	0	4.0781
2	30	"N"	0	2.7195
2	30	"W"	0	4.0228
2	31	"A"	0	4.3443
2	31	"B"	0	3.6758
2	31	"N"	0	2.7182
2	31	"W"	0	3.481
2	32	"A"	0	3.3732
2	32	"B"	0	3.5445
2	32	"N"	0	2.8993
2	32	"W"	0	2.9742
2	33	"A"	0	2.6999
2	33	"B"	0	3.3825
2	33	"N"	0	2.4742
2	33	"W"	0	2.6236
2	34	"A"	0	2.6613
2	34	"B"	0	3.1029
2	34	"N"	0	3.2792
2	34	"W"	0	2.3301
2	35	"A"	0	2.4355
2	35	"B"	0	2.5406
2	35	"N"	0	1.0465
2	35	"W"	0	2.0358
2	36	"A"	0	2.2338
2	36	"B"	0	2.5373
2	36	"N"	0	1.356
2	36	"W"	0	1.9152
2	37	"A"	0	1.3515
2	37	"B"	0	2.7434
2	37	"N"	0	1.6755
2	37	"W"	0	1.7463
2	38	"A"	0	1.5273
2	38	"B"	0	2.0909
2	38	"N"	0	2.1383
2	38	"W"	0	1.6859
2	39	"A"	0	1.4601
2	39	"B"	0	2.5167
2	39	"N"	0	2.2541
2	39	"W"	0	1.6154
2	40	"A"	0	1.1839
2	40	"B"	0	2.0725
2	40	"N"	0	1.7773
2	40	"W"	0	1.4843
2	41	"A"	0	1.3835
2	41	"B"	0	2.1386
2	41	"N"	0	2.0276
2	41	"W"	0	1.4145
2	42	"A"	0	0.8555
2	42	"B"	0	1.7212
2	42	"N"	0	1.8578
2	42	"W"	0	1.4929
2	43	"A"	0	0.913
2	43	"B"	0	1.8209
2	43	"N"	0	1.4163
2	43	"W"	0	1.2253
2	44	"A"	0	0.8039
2	44	"B"	0	1.567
2	44	"N"	0	2.1446
2	44	"W"	0	1.2646
2	45	"A"	0	0.5031
2	45	"B"	0	1.5805
2	45	"N"	0	1.5522
2	45	"W"	0	1.1183
2	46	"A"	0	0.5828
2	46	"B"	0	1.4802
2	46	"N"	0	1.7031
2	46	"W"	0	1.1374
2	47	"A"	0	0.8576
2	47	"B"	0	1.5024
2	47	"N"	0	2.6943
2	47	"W"	0	1.0671
2	48	"A"	0	0.7131
2	48	"B"	0	1.3401
2	48	"N"	0	2.1132
2	48	"W"	0	0.9785
2	49	"A"	0	0.651
2	49	"B"	0	1.4916
2	49	"N"	0	0.5396
2	49	"W"	0	1.08
2	50	"A"	0	0.7477
2	50	"B"	0	0.897
2	50	"N"	0	0.5384
2	50	"W"	0	0.9429
2	51	"A"	0	0.5474
2	51	"B"	0	1.1851
2	51	"N"	0	0.6968
2	51	"W"	0	0.886
2	52	"A"	0	0.4002
2	52	"B"	0	0.9477
2	52	"N"	0	0.6075
2	52	"W"	0	0.8862
2	53	"A"	0	0.5876
2	53	"B"	0	0.9449
2	53	"N"	0	0.473
2	53	"W"	0	0.7917
2	54	"A"	0	0.4227
2	54	"B"	0	0.8796
2	54	"N"	0	0.6465
2	54	"W"	0	0.7024
2	55	"A"	0	0.2757
2	55	"B"	0	0.6702
2	55	"N"	0	0.1472
2	55	"W"	0	0.6062
2	56	"A"	0	0.2988
2	56	"B"	0	0.7271
2	56	"N"	0	0.3874
2	56	"W"	0	0.6324
2	57	"A"	0	0.2755
2	57	"B"	0	0.6449
2	57	"N"	0	0.8038
2	57	"W"	0	0.5053
2	58	"A"	0	0.3192
2	58	"B"	0	0.3705
2	58	"N"	0	0.1497
2	58	"W"	0	0.4929
2	59	"A"	0	0.3625
2	59	"B"	0	0.4257
2	59	"N"	0	0.6289
2	59	"W"	0	0.3616
2	60	"A"	0	0.1544
2	60	"B"	0	0.5472
2	60	"N"	0	0.4906
2	60	"W"	0	0.3924
2	61	"A"	0	0.2203
2	61	"B"	0	0.3652
2	61	"N"	0	0.6038
2	61	"W"	0	0.3417
2	62	"A"	0	0.1601
2	62	"B"	0	0.3653
2	62	"N"	0	0.083
2	62	"W"	0	0.3193
2	63	"A"	0	0.1485
2	63	"B"	0	0.2679
2	63	"N"	0	0.2616
2	63	"W"	0	0.2841
2	64	"A"	0	0.0366
2	64	"B"	0	0.2049
2	64	"W"	0	0.2532
2	65	"A"	0	0.1312
2	65	"B"	0	0.17
2	65	"N"	0	0.2943
2	65	"W"	0	0.2127
2	66	"A"	0	0.0217
2	66	"B"	0	0.1418
2	66	"N"	0	0.0566
2	66	"W"	0	0.199
2	67	"A"	0	0.0733
2	67	"B"	0	0.1979
2	67	"N"	0	0.1572
2	67	"W"	0	0.1523
2	68	"B"	0	0.1159
2	68	"N"	0	0.0629
2	68	"W"	0	0.1533
2	69	"A"	0	0.0848
2	69	"B"	0	0.1243
2	69	"N"	0	0.0302
2	69	"W"	0	0.145
2	70	"A"	0	0.1024
2	70	"B"	0	0.0441
2	70	"N"	0	0.0931
2	70	"W"	0	0.1399
2	71	"A"	0	0.0371
2	71	"B"	0	0.0836
2	71	"N"	0	0.2151
2	71	"W"	0	0.1041
2	72	"A"	0	0.0446
2	72	"B"	0	0.0451
2	72	"N"	0	0.4717
2	72	"W"	0	0.1092
2	73	"A"	0	0.0207
2	73	"B"	0	0.0427
2	73	"W"	0	0.073
2	74	"A"	0	0.0055
2	74	"B"	0	0.025
2	74	"W"	0	0.0627
2	75	"A"	0	0.0185
2	75	"B"	0	0.0412
2	75	"N"	0	0.0767
2	75	"W"	0	0.0694
2	76	"B"	0	0.0237
2	76	"W"	0	0.0418
2	77	"B"	0	0.0418
2	77	"W"	0	0.04
2	78	"B"	0	0.02
2	78	"N"	0	0.039
2	78	"W"	0	0.0378
2	79	"B"	0	0.0321
2	79	"W"	0	0.0389
2	80	"B"	0	0.0138
2	80	"W"	0	0.0479
2	81	"A"	0	0.0215
2	81	"W"	0	0.0308
2	82	"A"	0	0.0855
2	82	"B"	0	0.0165
2	82	"W"	0	0.0238
2	83	"A"	0	0.0192
2	83	"W"	0	0.0199
2	84	"W"	0	0.0101
2	85	"B"	0	0.0055
2	85	"W"	0	0.0165
2	86	"B"	0	0.0107
2	86	"W"	0	0.0055
2	87	"B"	0	0.0132
2	87	"W"	0	0.0022
2	88	"B"	0	0.0143
2	88	"W"	0	0.0133
2	89	"B"	0	0.0287
2	89	"W"	0	0.0041
2	90	"A"	0	0.0087
2	90	"B"	0	0.0067
2	90	"W"	0	0.0021
2	91	"B"	0	0.0086
2	91	"W"	0	0.004
2	92	"W"	0	0.0044
2	93	"W"	0	0.0041
2	94	"W"	0	0.0071
1	15	"H"	0	0.3194
1	16	"H"	0	0.3717
1	17	"H"	0	0.7888
1	18	"H"	0	1.4859
1	19	"H"	0	1.9681
1	20	"H"	0	2.6392
1	21	"H"	0	3.4255
1	22	"H"	0	4.0771
1	23	"H"	0	4.5695
1	24	"H"	0	4.8451
1	25	"H"	0	4.5125
1	26	"H"	0	4.7001
1	27	"H"	0	5.1371
1	28	"H"	0	4.9954
1	29	"H"	0	4.7375
1	30	"H"	0	4.4436
1	31	"H"	0	4.2183
1	32	"H"	0	3.4409
1	33	"H"	0	3.2532
1	34	"H"	0	2.9633
1	35	"H"	0	3.0872
1	36	"H"	0	2.4407
1	37	"H"	0	2.5502
1	38	"H"	0	2.5289
1	39	"H"	0	2.0794
1	40	"H"	0	2.008
1	41	"H"	0	1.7458
1	42	"H"	0	1.4923
1	43	"H"	0	1.3402
1	44	"H"	0	1.3126
1	45	"H"	0	1.1738
1	46	"H"	0	1.129
1	47	"H"	0	1.3645
1	48	"H"	0	0.7975
1	49	"H"	0	0.827
1	50	"H"	0	0.7179
1	51	"H"	0	0.7335
1	52	"H"	0	0.6297
1	53	"H"	0	0.6803
1	54	"H"	0	0.6082
1	55	"H"	0	0.4348
1	56	"H"	0	0.2851
1	57	"H"	0	0.3754
1	58	"H"	0	0.3603
1	59	"H"	0	0.3236
1	60	"H"	0	0.2599
1	61	"H"	0	0.3029
1	62	"H"	0	0.1496
1	63	"H"	0	0.1802
1	64	"H"	0	0.1413
1	65	"H"	0	0.1352
1	66	"H"	0	0.196
1	67	"H"	0	0.1159
1	68	"H"	0	0.0439
1	69	"H"	0	0.0775
1	70	"H"	0	0.0156
1	71	"H"	0	0.0435
1	72	"H"	0	0.0522
1	73	"H"	0	0.0413
1	74	"H"	0	0.0763
1	75	"H"	0	0.0167
1	76	"H"	0	0.0426
1	77	"H"	0	0.0062
1	78	"H"	0	0.0277
1	79	"H"	0	0.0039
1	80	"H"	0	0.0298
1	81	"H"	0	0.0422
1	82	"H"	0	0.0147
1	83	"H"	0	0.0183
1	84	"H"	0	0.0098
1	85	"H"	0	0.0206
1	90	"H"	0	0.0098
1	94	"H"	0	0.0085
2	15	"H"	0	0.4879
2	16	"H"	0	0.8418
2	17	"H"	0	1.3603
2	18	"H"	0	3.1779
2	19	"H"	0	3.753
2	20	"H"	0	3.9618
2	21	"H"	0	4.8982
2	22	"H"	0	4.599
2	23	"H"	0	4.5884
2	24	"H"	0	4.8237
2	25	"H"	0	4.6965
2	26	"H"	0	5.1632
2	27	"H"	0	4.377
2	28	"H"	0	4.627
2	29	"H"	0	4.1498
2	30	"H"	0	3.9341
2	31	"H"	0	3.8699
2	32	"H"	0	3.0288
2	33	"H"	0	3.0597
2	34	"H"	0	3.0175
2	35	"H"	0	2.3483
2	36	"H"	0	2.1822
2	37	"H"	0	2.2166
2	38	"H"	0	1.8577
2	39	"H"	0	1.6809
2	40	"H"	0	1.6219
2	41	"H"	0	1.6068
2	42	"H"	0	1.324
2	43	"H"	0	1.2209
2	44	"H"	0	1.1956
2	45	"H"	0	0.9517
2	46	"H"	0	1.0714
2	47	"H"	0	0.8698
2	48	"H"	0	0.8458
2	49	"H"	0	0.8901
2	50	"H"	0	0.6856
2	51	"H"	0	0.6362
2	52	"H"	0	0.5312
2	53	"H"	0	0.5484
2	54	"H"	0	0.3614
2	55	"H"	0	0.3566
2	56	"H"	0	0.4505
2	57	"H"	0	0.3008
2	58	"H"	0	0.2722
2	59	"H"	0	0.2066
2	60	"H"	0	0.2108
2	61	"H"	0	0.1581
2	62	"H"	0	0.1731
2	63	"H"	0	0.1249
2	64	"H"	0	0.0653
2	65	"H"	0	0.0599
2	66	"H"	0	0.0862
2	67	"H"	0	0.0608
2	68	"H"	0	0.0428
2	69	"H"	0	0.0268
2	70	"H"	0	0.0871
2	71	"H"	0	0.0353
2	72	"H"	0	0.0276
2	73	"H"	0	0.0427
2	74	"H"	0	0.0102
2	75	"H"	0	0.0284
2	76	"H"	0	0.006
2	77	"H"	0	0.0209
2	78	"H"	0	0.0211
2	79	"H"	0	0.0106
2	80	"H"	0	0.0076
2	81	"H"	0	0.0046
2	83	"H"	0	0.0148
2	84	"H"	0	0.0064
2	85	"H"	0	0.0102
2	90	"H"	0	0.0036
2	93	"H"	0	0.0055
1	15	"HS"	0	0.6807
1	16	"BS"	0	0.0054
1	16	"HS"	0	0.5311
1	17	"BS"	0	0.0192
1	17	"HS"	0	0.6968
1	18	"ADV"	0	0.029
1	18	"BS"	0	0.0575
1	18	"HS"	0	1.5213
1	19	"ADV"	0	0.0522
1	19	"BS"	0	0.1246
1	19	"HS"	0	2.0893
1	20	"ADV"	0	0.1188
1	20	"BS"	0	0.3607
1	20	"HS"	0	2.5869
1	21	"ADV"	0	0.1825
1	21	"BS"	0	1.1698
1	21	"HS"	0	3.4055
1	22	"ADV"	0	0.7097
1	22	"BS"	0	2.7636
1	22	"HS"	0	3.8499
1	23	"ADV"	0	1.4936
1	23	"BS"	0	3.7221
1	23	"HS"	0	4.3109
1	24	"ADV"	0	2.6539
1	24	"BS"	0	4.8084
1	24	"HS"	0	4.0441
1	25	"ADV"	0	3.9398
1	25	"BS"	0	5.506
1	25	"HS"	0	4.0535
1	26	"ADV"	0	5.4924
1	26	"BS"	0	6.4597
1	26	"HS"	0	3.9397
1	27	"ADV"	0	6.4545
1	27	"BS"	0	6.8633
1	27	"HS"	0	4.149
1	28	"ADV"	0	7.371
1	28	"BS"	0	6.2078
1	28	"HS"	0	4.0741
1	29	"ADV"	0	7.2157
1	29	"BS"	0	6.4652
1	29	"HS"	0	3.8454
1	30	"ADV"	0	6.4358
1	30	"BS"	0	5.6211
1	30	"HS"	0	3.6462
1	31	"ADV"	0	5.9688
1	31	"BS"	0	5.0224
1	31	"HS"	0	3.3304
1	32	"ADV"	0	4.6809
1	32	"BS"	0	3.894
1	32	"HS"	0	3.0839
1	33	"ADV"	0	3.5947
1	33	"BS"	0	3.7601
1	33	"HS"	0	2.8745
1	34	"ADV"	0	3.3888
1	34	"BS"	0	3.1903
1	34	"HS"	0	2.8439
1	35	"ADV"	0	3.1985
1	35	"BS"	0	2.8206
1	35	"HS"	0	2.5616
1	36	"ADV"	0	2.4928
1	36	"BS"	0	2.6056
1	36	"HS"	0	2.306
1	37	"ADV"	0	2.2793
1	37	"BS"	0	2.0313
1	37	"HS"	0	2.1797
1	38	"ADV"	0	2.0554
1	38	"BS"	0	1.9158
1	38	"HS"	0	2.2805
1	39	"ADV"	0	2.0056
1	39	"BS"	0	1.8087
1	39	"HS"	0	2.1251
1	40	"ADV"	0	1.5884
1	40	"BS"	0	1.7579
1	40	"HS"	0	2.0096
1	41	"ADV"	0	1.4664
1	41	"BS"	0	1.4893
1	41	"HS"	0	1.8429
1	42	"ADV"	0	1.7643
1	42	"BS"	0	1.3544
1	42	"HS"	0	1.74
1	43	"ADV"	0	1.5938
1	43	"BS"	0	1.1788
1	43	"HS"	0	1.5587
1	44	"ADV"	0	1.2015
1	44	"BS"	0	1.2113
1	44	"HS"	0	1.6012
1	45	"ADV"	0	1.2712
1	45	"BS"	0	1.123
1	45	"HS"	0	1.62
1	46	"ADV"	0	1.174
1	46	"BS"	0	1.0495
1	46	"HS"	0	1.4977
1	47	"ADV"	0	1.072
1	47	"BS"	0	0.9332
1	47	"HS"	0	1.4641
1	48	"ADV"	0	1.1482
1	48	"BS"	0	0.8642
1	48	"HS"	0	1.2947
1	49	"ADV"	0	1.1364
1	49	"BS"	0	0.9738
1	49	"HS"	0	1.3667
1	50	"ADV"	0	1.019
1	50	"BS"	0	0.7161
1	50	"HS"	0	1.2151
1	51	"ADV"	0	0.7566
1	51	"BS"	0	0.7042
1	51	"HS"	0	1.269
1	52	"ADV"	0	0.8392
1	52	"BS"	0	0.7205
1	52	"HS"	0	0.9349
1	53	"ADV"	0	0.7379
1	53	"BS"	0	0.7383
1	53	"HS"	0	0.9071
1	54	"ADV"	0	0.7842
1	54	"BS"	0	0.7487
1	54	"HS"	0	0.9866
1	55	"ADV"	0	0.712
1	55	"BS"	0	0.641
1	55	"HS"	0	0.8064
1	56	"ADV"	0	0.894
1	56	"BS"	0	0.6173
1	56	"HS"	0	0.6098
1	57	"ADV"	0	0.7531
1	57	"BS"	0	0.6996
1	57	"HS"	0	0.7203
1	58	"ADV"	0	0.5555
1	58	"BS"	0	0.5793
1	58	"HS"	0	0.5329
1	59	"ADV"	0	0.6022
1	59	"BS"	0	0.4161
1	59	"HS"	0	0.5447
1	60	"ADV"	0	0.849
1	60	"BS"	0	0.4488
1	60	"HS"	0	0.4772
1	61	"ADV"	0	0.6402
1	61	"BS"	0	0.5355
1	61	"HS"	0	0.3169
1	62	"ADV"	0	0.5511
1	62	"BS"	0	0.4331
1	62	"HS"	0	0.342
1	63	"ADV"	0	0.7215
1	63	"BS"	0	0.305
1	63	"HS"	0	0.3394
1	64	"ADV"	0	0.5462
1	64	"BS"	0	0.3591
1	64	"HS"	0	0.3324
1	65	"ADV"	0	0.3512
1	65	"BS"	0	0.2784
1	65	"HS"	0	0.2818
1	66	"ADV"	0	0.4559
1	66	"BS"	0	0.1813
1	66	"HS"	0	0.288
1	67	"ADV"	0	0.3724
1	67	"BS"	0	0.3224
1	67	"HS"	0	0.2063
1	68	"ADV"	0	0.2886
1	68	"BS"	0	0.1822
1	68	"HS"	0	0.1617
1	69	"ADV"	0	0.2916
1	69	"BS"	0	0.1612
1	69	"HS"	0	0.1531
1	70	"ADV"	0	0.2207
1	70	"BS"	0	0.1241
1	70	"HS"	0	0.1947
1	71	"ADV"	0	0.1374
1	71	"BS"	0	0.0746
1	71	"HS"	0	0.1668
1	72	"ADV"	0	0.2276
1	72	"BS"	0	0.1024
1	72	"HS"	0	0.14
1	73	"ADV"	0	0.2126
1	73	"BS"	0	0.0926
1	73	"HS"	0	0.128
1	74	"ADV"	0	0.1544
1	74	"BS"	0	0.076
1	74	"HS"	0	0.1384
1	75	"ADV"	0	0.1417
1	75	"BS"	0	0.0647
1	75	"HS"	0	0.1033
1	76	"ADV"	0	0.0759
1	76	"BS"	0	0.0693
1	76	"HS"	0	0.1109
1	77	"ADV"	0	0.161
1	77	"BS"	0	0.0403
1	77	"HS"	0	0.0737
1	78	"ADV"	0	0.152
1	78	"BS"	0	0.046
1	78	"HS"	0	0.0745
1	79	"ADV"	0	0.0645
1	79	"BS"	0	0.0419
1	79	"HS"	0	0.0476
1	80	"ADV"	0	0.0861
1	80	"BS"	0	0.0493
1	80	"HS"	0	0.0557
1	81	"ADV"	0	0.1172
1	81	"BS"	0	0.0268
1	81	"HS"	0	0.0655
1	82	"ADV"	0	0.0417
1	82	"BS"	0	0.0692
1	82	"HS"	0	0.0457
1	83	"ADV"	0	0.0675
1	83	"BS"	0	0.052
1	83	"HS"	0	0.0619
1	84	"ADV"	0	0.0279
1	84	"BS"	0	0.0253
1	84	"HS"	0	0.0334
1	85	"ADV"	0	0.0102
1	85	"BS"	0	0.0645
1	85	"HS"	0	0.0253
1	86	"ADV"	0	0.0282
1	86	"HS"	0	0.0329
1	87	"ADV"	0	0.0111
1	87	"BS"	0	0.0052
1	87	"HS"	0	0.0053
1	88	"ADV"	0	0.0072
1	88	"BS"	0	0.0145
1	88	"HS"	0	0.0103
1	89	"ADV"	0	0.0471
1	89	"HS"	0	0.0016
1	90	"ADV"	0	0.013
1	90	"BS"	0	0.0183
1	90	"HS"	0	0.0169
1	91	"ADV"	0	0.0129
1	91	"BS"	0	0.005
1	91	"HS"	0	0.01
1	92	"ADV"	0	0.0125
1	92	"BS"	0	0.0085
1	92	"HS"	0	0.0084
1	93	"ADV"	0	0.0035
1	93	"BS"	0	0.0028
1	93	"HS"	0	0.0105
1	94	"ADV"	0	0.0147
1	94	"HS"	0	0.0072
2	15	"HS"	0	0.9225
2	16	"BS"	0	0.0177
2	16	"HS"	0	1.0232
2	17	"ADV"	0	0.0327
2	17	"BS"	0	0.0122
2	17	"HS"	0	1.7665
2	18	"ADV"	0	0.0519
2	18	"BS"	0	0.1548
2	18	"HS"	0	3.2035
2	19	"ADV"	0	0.0614
2	19	"BS"	0	0.4399
2	19	"HS"	0	4.0555
2	20	"ADV"	0	0.157
2	20	"BS"	0	1.1921
2	20	"HS"	0	4.0475
2	21	"ADV"	0	0.5153
2	21	"BS"	0	2.4523
2	21	"HS"	0	4.4192
2	22	"ADV"	0	1.2895
2	22	"BS"	0	4.9046
2	22	"HS"	0	4.4151
2	23	"ADV"	0	2.6223
2	23	"BS"	0	6.2253
2	23	"HS"	0	4.3124
2	24	"ADV"	0	4.6052
2	24	"BS"	0	7.0948
2	24	"HS"	0	4.1516
2	25	"ADV"	0	6.3067
2	25	"BS"	0	7.656
2	25	"HS"	0	3.9751
2	26	"ADV"	0	7.4928
2	26	"BS"	0	7.7266
2	26	"HS"	0	3.7674
2	27	"ADV"	0	8.0083
2	27	"BS"	0	7.0208
2	27	"HS"	0	3.4114
2	28	"ADV"	0	7.8255
2	28	"BS"	0	6.4267
2	28	"HS"	0	3.3334
2	29	"ADV"	0	7.178
2	29	"BS"	0	5.8488
2	29	"HS"	0	3.4615
2	30	"ADV"	0	6.4461
2	30	"BS"	0	4.9314
2	30	"HS"	0	2.9194
2	31	"ADV"	0	5.4823
2	31	"BS"	0	4.0065
2	31	"HS"	0	2.8657
2	32	"ADV"	0	4.4736
2	32	"BS"	0	3.3788
2	32	"HS"	0	2.4936
2	33	"ADV"	0	3.7634
2	33	"BS"	0	2.9837
2	33	"HS"	0	2.3844
2	34	"ADV"	0	3.394
2	34	"BS"	0	2.4037
2	34	"HS"	0	2.3652
2	35	"ADV"	0	2.6043
2	35	"BS"	0	2.1456
2	35	"HS"	0	2.0841
2	36	"ADV"	0	2.5024
2	36	"BS"	0	1.8502
2	36	"HS"	0	1.9872
2	37	"ADV"	0	1.8884
2	37	"BS"	0	1.6303
2	37	"HS"	0	1.9202
2	38	"ADV"	0	1.9168
2	38	"BS"	0	1.612
2	38	"HS"	0	1.7235
2	39	"ADV"	0	1.9748
2	39	"BS"	0	1.4927
2	39	"HS"	0	1.877
2	40	"ADV"	0	1.6515
2	40	"BS"	0	1.2714
2	40	"HS"	0	1.5967
2	41	"ADV"	0	1.449
2	41	"BS"	0	1.3379
2	41	"HS"	0	1.7005
2	42	"ADV"	0	1.1483
2	42	"BS"	0	1.1861
2	42	"HS"	0	1.6649
2	43	"ADV"	0	1.1965
2	43	"BS"	0	1.003
2	43	"HS"	0	1.6237
2	44	"ADV"	0	0.9739
2	44	"BS"	0	0.9865
2	44	"HS"	0	1.5935
2	45	"ADV"	0	0.874
2	45	"BS"	0	0.811
2	45	"HS"	0	1.2738
2	46	"ADV"	0	0.9352
2	46	"BS"	0	0.7995
2	46	"HS"	0	1.4686
2	47	"ADV"	0	0.7739
2	47	"BS"	0	0.8964
2	47	"HS"	0	1.3243
2	48	"ADV"	0	0.6698
2	48	"BS"	0	0.7184
2	48	"HS"	0	1.3548
2	49	"ADV"	0	0.7047
2	49	"BS"	0	0.9345
2	49	"HS"	0	1.4026
2	50	"ADV"	0	0.682
2	50	"BS"	0	0.6876
2	50	"HS"	0	1.0931
2	51	"ADV"	0	0.6851
2	51	"BS"	0	0.5783
2	51	"HS"	0	1.056
2	52	"ADV"	0	0.5525
2	52	"BS"	0	0.6094
2	52	"HS"	0	1.0561
2	53	"ADV"	0	0.5128
2	53	"BS"	0	0.5069
2	53	"HS"	0	0.9473
2	54	"ADV"	0	0.753
2	54	"BS"	0	0.4905
2	54	"HS"	0	0.765
2	55	"ADV"	0	0.4916
2	55	"BS"	0	0.3847
2	55	"HS"	0	0.7053
2	56	"ADV"	0	0.674
2	56	"BS"	0	0.3995
2	56	"HS"	0	0.7868
2	57	"ADV"	0	0.4755
2	57	"BS"	0	0.3716
2	57	"HS"	0	0.5972
2	58	"ADV"	0	0.497
2	58	"BS"	0	0.3703
2	58	"HS"	0	0.5482
2	59	"ADV"	0	0.3337
2	59	"BS"	0	0.2775
2	59	"HS"	0	0.4107
2	60	"ADV"	0	0.4341
2	60	"BS"	0	0.244
2	60	"HS"	0	0.4545
2	61	"ADV"	0	0.3551
2	61	"BS"	0	0.1805
2	61	"HS"	0	0.4209
2	62	"ADV"	0	0.3165
2	62	"BS"	0	0.1976
2	62	"HS"	0	0.3726
2	63	"ADV"	0	0.3173
2	63	"BS"	0	0.1922
2	63	"HS"	0	0.3113
2	64	"ADV"	0	0.2822
2	64	"BS"	0	0.1536
2	64	"HS"	0	0.2771
2	65	"ADV"	0	0.2701
2	65	"BS"	0	0.106
2	65	"HS"	0	0.2415
2	66	"ADV"	0	0.2098
2	66	"BS"	0	0.1015
2	66	"HS"	0	0.2029
2	67	"ADV"	0	0.124
2	67	"BS"	0	0.1061
2	67	"HS"	0	0.1967
2	68	"ADV"	0	0.147
2	68	"BS"	0	0.0353
2	68	"HS"	0	0.1835
2	69	"ADV"	0	0.2254
2	69	"BS"	0	0.0635
2	69	"HS"	0	0.1626
2	70	"ADV"	0	0.1443
2	70	"BS"	0	0.0886
2	70	"HS"	0	0.1574
2	71	"ADV"	0	0.0741
2	71	"BS"	0	0.0204
2	71	"HS"	0	0.1284
2	72	"ADV"	0	0.0932
2	72	"BS"	0	0.029
2	72	"HS"	0	0.1566
2	73	"ADV"	0	0.0693
2	73	"BS"	0	0.0283
2	73	"HS"	0	0.0906
2	74	"ADV"	0	0.0846
2	74	"BS"	0	0.0158
2	74	"HS"	0	0.0816
2	75	"ADV"	0	0.038
2	75	"BS"	0	0.0412
2	75	"HS"	0	0.1001
2	76	"ADV"	0	0.0153
2	76	"BS"	0	0.0197
2	76	"HS"	0	0.0555
2	77	"ADV"	0	0.022
2	77	"BS"	0	0.0065
2	77	"HS"	0	0.0726
2	78	"ADV"	0	0.0183
2	78	"BS"	0	0.0086
2	78	"HS"	0	0.0719
2	79	"ADV"	0	0.0359
2	79	"BS"	0	0.009
2	79	"HS"	0	0.0658
2	80	"ADV"	0	0.0226
2	80	"BS"	0	0.0404
2	80	"HS"	0	0.0631
2	81	"ADV"	0	0.0082
2	81	"BS"	0	0.0251
2	81	"HS"	0	0.0477
2	82	"ADV"	0	0.0291
2	82	"BS"	0	0.0043
2	82	"HS"	0	0.0617
2	83	"ADV"	0	0.0204
2	83	"BS"	0	0.0075
2	83	"HS"	0	0.0377
2	84	"HS"	0	0.0139
2	85	"ADV"	0	0.011
2	85	"BS"	0	0.0069
2	85	"HS"	0	0.0286
2	86	"BS"	0	0.0077
2	86	"HS"	0	0.011
2	87	"ADV"	0	0.0005
2	87	"BS"	0	0.0023
2	87	"HS"	0	0.0078
2	88	"BS"	0	0.0066
2	88	"HS"	0	0.0168
2	89	"ADV"	0	0.002
2	89	"BS"	0	0.003
2	89	"HS"	0	0.0163
2	90	"BS"	0	0.0044
2	90	"HS"	0	0.0039
2	91	"BS"	0	0.0045
2	91	"HS"	0	0.0077
2	92	"BS"	0	0.0078
2	92	"HS"	0	0.0023
2	93	"BS"	0	0.0032
2	93	"HS"	0	0.0098
2	94	"ADV"	0	0.0027
2	94	"HS"	0	0.0124
1	14	"NILF"	0	0.0045
1	15	"EMP"	0	0.0528
1	15	"NILF"	0	0.777
1	15	"UNEMP"	0	0.0847
1	16	"EMP"	0	0.1134
1	16	"NILF"	0	0.9635
1	16	"UNEMP"	0	0.361
1	17	"EMP"	0	0.2717
1	17	"NILF"	0	0.8038
1	17	"UNEMP"	0	0.7077
1	18	"EMP"	0	0.6726
1	18	"NILF"	0	1.3992
1	18	"UNEMP"	0	2.0662
1	19	"EMP"	0	1.1935
1	19	"NILF"	0	1.2942
1	19	"UNEMP"	0	2.1229
1	20	"EMP"	0	1.7846
1	20	"NILF"	0	1.6908
1	20	"UNEMP"	0	3.0213
1	21	"EMP"	0	2.5959
1	21	"NILF"	0	2.1686
1	21	"UNEMP"	0	3.7865
1	22	"EMP"	0	3.5195
1	22	"NILF"	0	2.4826
1	22	"UNEMP"	0	4.2324
1	23	"EMP"	0	4.0415
1	23	"NILF"	0	3.068
1	23	"UNEMP"	0	4.921
1	24	"EMP"	0	4.462
1	24	"NILF"	0	2.6265
1	24	"UNEMP"	0	4.3211
1	25	"EMP"	0	4.7878
1	25	"NILF"	0	2.7784
1	25	"UNEMP"	0	4.9669
1	26	"EMP"	0	5.4527
1	26	"NILF"	0	2.5854
1	26	"UNEMP"	0	4.1281
1	27	"EMP"	0	5.5763
1	27	"NILF"	0	2.965
1	27	"UNEMP"	0	4.4621
1	28	"EMP"	0	5.4361
1	28	"NILF"	0	2.7185
1	28	"UNEMP"	0	4.5397
1	29	"EMP"	0	5.2742
1	29	"NILF"	0	2.4189
1	29	"UNEMP"	0	4.3055
1	30	"EMP"	0	4.8073
1	30	"NILF"	0	2.7182
1	30	"UNEMP"	0	3.5684
1	31	"EMP"	0	4.3919
1	31	"NILF"	0	2.2498
1	31	"UNEMP"	0	3.3972
1	32	"EMP"	0	3.7016
1	32	"NILF"	0	2.3683
1	32	"UNEMP"	0	2.9638
1	33	"EMP"	0	3.3829
1	33	"NILF"	0	2.041
1	33	"UNEMP"	0	3.5937
1	34	"EMP"	0	3.1578
1	34	"NILF"	0	1.7779
1	34	"UNEMP"	0	2.72
1	35	"EMP"	0	2.7558
1	35	"NILF"	0	1.9682
1	35	"UNEMP"	0	3.4097
1	36	"EMP"	0	2.5211
1	36	"NILF"	0	1.6552
1	36	"UNEMP"	0	1.8987
1	37	"EMP"	0	2.2847
1	37	"NILF"	0	1.4593
1	37	"UNEMP"	0	2.0203
1	38	"EMP"	0	2.2676
1	38	"NILF"	0	1.5512
1	38	"UNEMP"	0	1.9477
1	39	"EMP"	0	2.0836
1	39	"NILF"	0	1.4825
1	39	"UNEMP"	0	2.5683
1	40	"EMP"	0	1.899
1	40	"NILF"	0	1.5551
1	40	"UNEMP"	0	1.9869
1	41	"EMP"	0	1.7531
1	41	"NILF"	0	1.3596
1	41	"UNEMP"	0	2.1128
1	42	"EMP"	0	1.7079
1	42	"NILF"	0	1.2538
1	42	"UNEMP"	0	1.5505
1	43	"EMP"	0	1.4463
1	43	"NILF"	0	1.1683
1	43	"UNEMP"	0	1.6484
1	44	"EMP"	0	1.3563
1	44	"NILF"	0	1.5589
1	44	"UNEMP"	0	1.4796
1	45	"EMP"	0	1.3797
1	45	"NILF"	0	1.3559
1	45	"UNEMP"	0	1.1359
1	46	"EMP"	0	1.3239
1	46	"NILF"	0	1.2105
1	46	"UNEMP"	0	1.3715
1	47	"EMP"	0	1.2943
1	47	"NILF"	0	1.2636
1	47	"UNEMP"	0	1.0136
1	48	"EMP"	0	1.1006
1	48	"NILF"	0	1.2107
1	48	"UNEMP"	0	1.405
1	49	"EMP"	0	1.1376
1	49	"NILF"	0	1.4244
1	49	"UNEMP"	0	1.2925
1	50	"EMP"	0	0.9693
1	50	"NILF"	0	1.194
1	50	"UNEMP"	0	1.0831
1	51	"EMP"	0	0.9602
1	51	"NILF"	0	1.2959
1	51	"UNEMP"	0	1.076
1	52	"EMP"	0	0.8623
1	52	"NILF"	0	1.0791
1	52	"UNEMP"	0	0.5549
1	53	"EMP"	0	0.8156
1	53	"NILF"	0	1.0442
1	53	"UNEMP"	0	0.7285
1	54	"EMP"	0	0.8209
1	54	"NILF"	0	1.3497
1	54	"UNEMP"	0	0.8489
1	55	"EMP"	0	0.6538
1	55	"NILF"	0	1.3923
1	55	"UNEMP"	0	0.4364
1	56	"EMP"	0	0.5851
1	56	"NILF"	0	1.4173
1	56	"UNEMP"	0	0.532
1	57	"EMP"	0	0.5979
1	57	"NILF"	0	1.4313
1	57	"UNEMP"	0	0.5511
1	58	"EMP"	0	0.4598
1	58	"NILF"	0	1.3652
1	58	"UNEMP"	0	0.4255
1	59	"EMP"	0	0.3779
1	59	"NILF"	0	1.4861
1	59	"UNEMP"	0	0.5471
1	60	"EMP"	0	0.3669
1	60	"NILF"	0	1.5097
1	60	"UNEMP"	0	0.3633
1	61	"EMP"	0	0.3041
1	61	"NILF"	0	1.6336
1	61	"UNEMP"	0	0.2744
1	62	"EMP"	0	0.2122
1	62	"NILF"	0	1.6473
1	62	"UNEMP"	0	0.1996
1	63	"EMP"	0	0.1971
1	63	"NILF"	0	1.5661
1	63	"UNEMP"	0	0.3354
1	64	"EMP"	0	0.143
1	64	"NILF"	0	1.6201
1	64	"UNEMP"	0	0.1684
1	65	"EMP"	0	0.1343
1	65	"NILF"	0	1.5201
1	65	"UNEMP"	0	0.0958
1	66	"EMP"	0	0.1157
1	66	"NILF"	0	1.4402
1	66	"UNEMP"	0	0.066
1	67	"EMP"	0	0.0989
1	67	"NILF"	0	1.3319
1	67	"UNEMP"	0	0.061
1	68	"EMP"	0	0.056
1	68	"NILF"	0	1.0805
1	68	"UNEMP"	0	0.0527
1	69	"EMP"	0	0.0556
1	69	"NILF"	0	0.8651
1	69	"UNEMP"	0	0.1121
1	70	"EMP"	0	0.0448
1	70	"NILF"	0	1.0428
1	70	"UNEMP"	0	0.0116
1	71	"EMP"	0	0.0317
1	71	"NILF"	0	0.8211
1	71	"UNEMP"	0	0.0471
1	72	"EMP"	0	0.0243
1	72	"NILF"	0	0.8716
1	72	"UNEMP"	0	0.0404
1	73	"EMP"	0	0.0261
1	73	"NILF"	0	0.729
1	73	"UNEMP"	0	0.065
1	74	"EMP"	0	0.0204
1	74	"NILF"	0	0.7819
1	74	"UNEMP"	0	0.0279
1	75	"EMP"	0	0.0124
1	75	"NILF"	0	0.6354
1	75	"UNEMP"	0	0.0348
1	76	"EMP"	0	0.0161
1	76	"NILF"	0	0.5654
1	76	"UNEMP"	0	0.0603
1	77	"EMP"	0	0.0124
1	77	"NILF"	0	0.5261
1	78	"EMP"	0	0.0087
1	78	"NILF"	0	0.4855
1	78	"UNEMP"	0	0.0088
1	79	"EMP"	0	0.0045
1	79	"NILF"	0	0.297
1	79	"UNEMP"	0	0.0554
1	80	"EMP"	0	0.0064
1	80	"NILF"	0	0.4027
1	81	"EMP"	0	0.004
1	81	"NILF"	0	0.4048
1	82	"EMP"	0	0.0031
1	82	"NILF"	0	0.3108
1	83	"EMP"	0	0.0021
1	83	"NILF"	0	0.3873
1	84	"EMP"	0	0.0029
1	84	"NILF"	0	0.2575
1	85	"EMP"	0	0.0007
1	85	"NILF"	0	0.217
1	86	"EMP"	0	0.0011
1	86	"NILF"	0	0.141
1	86	"UNEMP"	0	0.0116
1	87	"EMP"	0	0.0005
1	87	"NILF"	0	0.0442
1	88	"NILF"	0	0.0841
1	89	"EMP"	0	0.0004
1	89	"NILF"	0	0.0471
1	90	"EMP"	0	0.0007
1	90	"NILF"	0	0.1001
1	91	"NILF"	0	0.0586
1	92	"EMP"	0	0.0014
1	92	"NILF"	0	0.0549
1	93	"EMP"	0	0.0008
1	93	"NILF"	0	0.0477
1	93	"UNEMP"	0	0.013
1	94	"NILF"	0	0.0395
2	15	"EMP"	0	0.0347
2	15	"NILF"	0	0.5158
2	15	"UNEMP"	0	0.2462
2	16	"EMP"	0	0.183
2	16	"NILF"	0	0.8468
2	16	"UNEMP"	0	0.7413
2	17	"EMP"	0	0.4479
2	17	"NILF"	0	1.354
2	17	"UNEMP"	0	1.493
2	18	"EMP"	0	1.1052
2	18	"NILF"	0	2.6914
2	18	"UNEMP"	0	3.1173
2	19	"EMP"	0	1.8509
2	19	"NILF"	0	3.5431
2	19	"UNEMP"	0	4.1861
2	20	"EMP"	0	2.4591
2	20	"NILF"	0	4.0211
2	20	"UNEMP"	0	4.0129
2	21	"EMP"	0	3.3457
2	21	"NILF"	0	4.4097
2	21	"UNEMP"	0	5.4126
2	22	"EMP"	0	4.2631
2	22	"NILF"	0	4.8728
2	22	"UNEMP"	0	5.1217
2	23	"EMP"	0	4.7953
2	23	"NILF"	0	5.0134
2	23	"UNEMP"	0	5.1626
2	24	"EMP"	0	5.302
2	24	"NILF"	0	5.1559
2	24	"UNEMP"	0	5.1453
2	25	"EMP"	0	5.7361
2	25	"NILF"	0	4.996
2	25	"UNEMP"	0	5.0885
2	26	"EMP"	0	5.9318
2	26	"NILF"	0	5.1944
2	26	"UNEMP"	0	5.2984
2	27	"EMP"	0	5.7459
2	27	"NILF"	0	4.1947
2	27	"UNEMP"	0	4.0135
2	28	"EMP"	0	5.3314
2	28	"NILF"	0	3.794
2	28	"UNEMP"	0	4.1979
2	29	"EMP"	0	5.0009
2	29	"NILF"	0	3.6457
2	29	"UNEMP"	0	3.2941
2	30	"EMP"	0	4.5404
2	30	"NILF"	0	3.072
2	30	"UNEMP"	0	3.5694
2	31	"EMP"	0	3.8148
2	31	"NILF"	0	3.0583
2	31	"UNEMP"	0	3.7546
2	32	"EMP"	0	3.3329
2	32	"NILF"	0	2.4371
2	32	"UNEMP"	0	2.9705
2	33	"EMP"	0	3.0127
2	33	"NILF"	0	2.171
2	33	"UNEMP"	0	2.7802
2	34	"EMP"	0	2.6919
2	34	"NILF"	0	2.0032
2	34	"UNEMP"	0	2.8828
2	35	"EMP"	0	2.2632
2	35	"NILF"	0	1.8825
2	35	"UNEMP"	0	1.7609
2	36	"EMP"	0	2.1904
2	36	"NILF"	0	1.5593
2	36	"UNEMP"	0	2.1195
2	37	"EMP"	0	1.9851
2	37	"NILF"	0	1.5491
2	37	"UNEMP"	0	1.4149
2	38	"EMP"	0	1.8582
2	38	"NILF"	0	1.423
2	38	"UNEMP"	0	1.7917
2	39	"EMP"	0	1.7891
2	39	"NILF"	0	1.4036
2	39	"UNEMP"	0	1.9725
2	40	"EMP"	0	1.6953
2	40	"NILF"	0	1.1901
2	40	"UNEMP"	0	1.3774
2	41	"EMP"	0	1.6003
2	41	"NILF"	0	1.1819
2	41	"UNEMP"	0	2.021
2	42	"EMP"	0	1.5721
2	42	"NILF"	0	1.1346
2	42	"UNEMP"	0	1.4518
2	43	"EMP"	0	1.3639
2	43	"NILF"	0	1.0515
2	43	"UNEMP"	0	1.3082
2	44	"EMP"	0	1.3796
2	44	"NILF"	0	0.9516
2	44	"UNEMP"	0	1.2807
2	45	"EMP"	0	1.1766
2	45	"NILF"	0	0.9662
2	45	"UNEMP"	0	0.9795
2	46	"EMP"	0	1.2156
2	46	"NILF"	0	0.885
2	46	"UNEMP"	0	1.1809
2	47	"EMP"	0	1.1919
2	47	"NILF"	0	0.8499
2	47	"UNEMP"	0	0.9234
2	48	"EMP"	0	0.9935
2	48	"NILF"	0	0.9747
2	48	"UNEMP"	0	1.0318
2	49	"EMP"	0	1.1084
2	49	"NILF"	0	1.0033
2	49	"UNEMP"	0	0.8981
2	50	"EMP"	0	0.9511
2	50	"NILF"	0	0.7746
2	50	"UNEMP"	0	0.9871
2	51	"EMP"	0	0.9065
2	51	"NILF"	0	0.7666
2	51	"UNEMP"	0	0.7059
2	52	"EMP"	0	0.8297
2	52	"NILF"	0	0.835
2	52	"UNEMP"	0	0.7232
2	53	"EMP"	0	0.7803
2	53	"NILF"	0	0.7289
2	53	"UNEMP"	0	0.5481
2	54	"EMP"	0	0.6587
2	54	"NILF"	0	0.7465
2	54	"UNEMP"	0	0.5209
2	55	"EMP"	0	0.5625
2	55	"NILF"	0	0.6104
2	55	"UNEMP"	0	0.5287
2	56	"EMP"	0	0.6034
2	56	"NILF"	0	0.6684
2	56	"UNEMP"	0	0.3215
2	57	"EMP"	0	0.4724
2	57	"NILF"	0	0.6136
2	57	"UNEMP"	0	0.2219
2	58	"EMP"	0	0.3971
2	58	"NILF"	0	0.5944
2	58	"UNEMP"	0	0.3261
2	59	"EMP"	0	0.2997
2	59	"NILF"	0	0.5544
2	59	"UNEMP"	0	0.2996
2	60	"EMP"	0	0.2938
2	60	"NILF"	0	0.6431
2	60	"UNEMP"	0	0.1662
2	61	"EMP"	0	0.1761
2	61	"NILF"	0	0.7224
2	61	"UNEMP"	0	0.1816
2	62	"EMP"	0	0.1674
2	62	"NILF"	0	0.6733
2	62	"UNEMP"	0	0.0814
2	63	"EMP"	0	0.1412
2	63	"NILF"	0	0.6113
2	63	"UNEMP"	0	0.0437
2	64	"EMP"	0	0.101
2	64	"NILF"	0	0.5513
2	64	"UNEMP"	0	0.0335
2	65	"EMP"	0	0.0697
2	65	"NILF"	0	0.537
2	65	"UNEMP"	0	0.0656
2	66	"EMP"	0	0.0565
2	66	"NILF"	0	0.4952
2	67	"EMP"	0	0.0442
2	67	"NILF"	0	0.4193
2	67	"UNEMP"	0	0.0361
2	68	"EMP"	0	0.0408
2	68	"NILF"	0	0.3891
2	68	"UNEMP"	0	0.0203
2	69	"EMP"	0	0.0307
2	69	"NILF"	0	0.4151
2	70	"EMP"	0	0.0232
2	70	"NILF"	0	0.39
2	70	"UNEMP"	0	0.0435
2	71	"EMP"	0	0.0243
2	71	"NILF"	0	0.2804
2	71	"UNEMP"	0	0.0068
2	72	"EMP"	0	0.0198
2	72	"NILF"	0	0.3007
2	72	"UNEMP"	0	0.0133
2	73	"EMP"	0	0.0075
2	73	"NILF"	0	0.2014
2	73	"UNEMP"	0	0.0477
2	74	"EMP"	0	0.0059
2	74	"NILF"	0	0.1762
2	75	"EMP"	0	0.0113
2	75	"NILF"	0	0.1944
2	76	"EMP"	0	0.0029
2	76	"NILF"	0	0.1213
2	77	"EMP"	0	0.0077
2	77	"NILF"	0	0.1222
2	78	"EMP"	0	0.0012
2	78	"NILF"	0	0.1058
2	78	"UNEMP"	0	0.0557
2	79	"EMP"	0	0.001
2	79	"NILF"	0	0.1252
2	80	"EMP"	0	0.0004
2	80	"NILF"	0	0.1392
2	81	"EMP"	0	0.0032
2	81	"NILF"	0	0.0868
2	82	"NILF"	0	0.0968
2	83	"NILF"	0	0.0651
2	84	"NILF"	0	0.0286
2	85	"NILF"	0	0.047
2	85	"UNEMP"	0	0.0209
2	86	"NILF"	0	0.0196
2	87	"NILF"	0	0.0113
2	88	"NILF"	0	0.0429
2	89	"NILF"	0	0.0225
2	90	"NILF"	0	0.0109
2	91	"NILF"	0	0.0145
2	92	"NILF"	0	0.0125
2	93	"NILF"	0	0.0181
2	94	"NILF"	0	0.0201
1	14	"A"	1	0.0105
1	15	"A"	1	0.368
1	15	"B"	1	0.7705
1	15	"N"	1	0.976
1	15	"W"	1	0.3255
1	16	"A"	1	0.0968
1	16	"B"	1	0.4679
1	16	"N"	1	1.1092
1	16	"W"	1	0.3069
1	17	"A"	1	0.3598
1	17	"B"	1	0.395
1	17	"N"	1	0.3499
1	17	"W"	1	0.483
1	18	"A"	1	0.6628
1	18	"B"	1	0.9493
1	18	"N"	1	1.6201
1	18	"W"	1	1.1377
1	19	"A"	1	0.817
1	19	"B"	1	1.6464
1	19	"N"	1	3.602
1	19	"W"	1	1.764
1	20	"A"	1	1.2771
1	20	"B"	1	2.378
1	20	"N"	1	3.0136
1	20	"W"	1	2.524
1	21	"A"	1	1.4096
1	21	"B"	1	2.8731
1	21	"N"	1	6.1106
1	21	"W"	1	3.7459
1	22	"A"	1	2.2366
1	22	"B"	1	3.8753
1	22	"N"	1	5.3751
1	22	"W"	1	4.9333
1	23	"A"	1	2.9223
1	23	"B"	1	3.5332
1	23	"N"	1	7.9533
1	23	"W"	1	5.8344
1	24	"A"	1	3.9106
1	24	"B"	1	4.3308
1	24	"N"	1	6.9197
1	24	"W"	1	6.1698
1	25	"A"	1	5.3145
1	25	"B"	1	4.7116
1	25	"N"	1	4.3752
1	25	"W"	1	6.4108
1	26	"A"	1	7.8797
1	26	"B"	1	5.4035
1	26	"N"	1	4.5343
1	26	"W"	1	6.8136
1	27	"A"	1	9.5436
1	27	"B"	1	5.0304
1	27	"N"	1	4.8106
1	27	"W"	1	6.7536
1	28	"A"	1	9.7393
1	28	"B"	1	6.0227
1	28	"N"	1	4.906
1	28	"W"	1	6.3526
1	29	"A"	1	9.4852
1	29	"B"	1	5.3677
1	29	"N"	1	3.8524
1	29	"W"	1	5.9595
1	30	"A"	1	7.1921
1	30	"B"	1	4.7726
1	30	"N"	1	3.6278
1	30	"W"	1	5.4378
1	31	"A"	1	5.7521
1	31	"B"	1	4.5232
1	31	"N"	1	3.0772
1	31	"W"	1	4.8013
1	32	"A"	1	4.5035
1	32	"B"	1	4.0462
1	32	"N"	1	4.2301
1	32	"W"	1	3.878
1	33	"A"	1	3.9015
1	33	"B"	1	3.5223
1	33	"N"	1	3.6636
1	33	"W"	1	3.347
1	34	"A"	1	3.1471
1	34	"B"	1	3.4073
1	34	"N"	1	3.8504
1	34	"W"	1	2.891
1	35	"A"	1	2.869
1	35	"B"	1	3.3618
1	35	"N"	1	2.0017
1	35	"W"	1	2.4254
1	36	"A"	1	2.4727
1	36	"B"	1	3.244
1	36	"N"	1	2.8068
1	36	"W"	1	1.9618
1	37	"A"	1	1.8243
1	37	"B"	1	2.4909
1	37	"N"	1	1.465
1	37	"W"	1	1.7459
1	38	"A"	1	1.3056
1	38	"B"	1	2.531
1	38	"N"	1	1.0973
1	38	"W"	1	1.5856
1	39	"A"	1	1.4156
1	39	"B"	1	2.0807
1	39	"N"	1	1.2881
1	39	"W"	1	1.4145
1	40	"A"	1	1.222
1	40	"B"	1	1.8076
1	40	"N"	1	0.98
1	40	"W"	1	1.2871
1	41	"A"	1	1.092
1	41	"B"	1	1.437
1	41	"N"	1	1.0675
1	41	"W"	1	0.9541
1	42	"A"	1	0.9111
1	42	"B"	1	1.3284
1	42	"N"	1	1.5147
1	42	"W"	1	0.8602
1	43	"A"	1	0.8498
1	43	"B"	1	1.4794
1	43	"N"	1	1.0854
1	43	"W"	1	0.7004
1	44	"A"	1	0.5935
1	44	"B"	1	0.877
1	44	"N"	1	1.8666
1	44	"W"	1	0.6301
1	45	"A"	1	0.5189
1	45	"B"	1	1.2959
1	45	"W"	1	0.6788
1	46	"A"	1	0.4644
1	46	"B"	1	1.1655
1	46	"N"	1	0.1193
1	46	"W"	1	0.5952
1	47	"A"	1	0.4632
1	47	"B"	1	0.9459
1	47	"N"	1	1.8248
1	47	"W"	1	0.5025
1	48	"A"	1	0.4469
1	48	"B"	1	0.9127
1	48	"N"	1	0.9144
1	48	"W"	1	0.4851
1	49	"A"	1	0.3233
1	49	"B"	1	0.9006
1	49	"N"	1	1.0814
1	49	"W"	1	0.4398
1	50	"A"	1	0.2624
1	50	"B"	1	0.687
1	50	"N"	1	0.0298
1	50	"W"	1	0.3725
1	51	"A"	1	0.3449
1	51	"B"	1	0.739
1	51	"N"	1	0.5427
1	51	"W"	1	0.3469
1	52	"A"	1	0.3119
1	52	"B"	1	0.5291
1	52	"N"	1	0.0656
1	52	"W"	1	0.2903
1	53	"A"	1	0.1051
1	53	"B"	1	0.4311
1	53	"N"	1	0.2882
1	53	"W"	1	0.3059
1	54	"A"	1	0.2178
1	54	"B"	1	0.5389
1	54	"N"	1	0.4572
1	54	"W"	1	0.2775
1	55	"A"	1	0.2518
1	55	"B"	1	0.3273
1	55	"N"	1	0.0437
1	55	"W"	1	0.2402
1	56	"A"	1	0.1026
1	56	"B"	1	0.3665
1	56	"N"	1	0.0735
1	56	"W"	1	0.2163
1	57	"A"	1	0.085
1	57	"B"	1	0.5586
1	57	"N"	1	0.0477
1	57	"W"	1	0.2066
1	58	"A"	1	0.1313
1	58	"B"	1	0.2902
1	58	"N"	1	0.2843
1	58	"W"	1	0.1708
1	59	"A"	1	0.1168
1	59	"B"	1	0.2164
1	59	"N"	1	0.163
1	59	"W"	1	0.1595
1	60	"A"	1	0.0983
1	60	"B"	1	0.2009
1	60	"W"	1	0.1561
1	61	"A"	1	0.0299
1	61	"B"	1	0.1721
1	61	"W"	1	0.14
1	62	"A"	1	0.2233
1	62	"B"	1	0.1223
1	62	"N"	1	0.2703
1	62	"W"	1	0.1208
1	63	"A"	1	0.0881
1	63	"B"	1	0.0883
1	63	"W"	1	0.099
1	64	"A"	1	0.0712
1	64	"B"	1	0.1154
1	64	"N"	1	0.1213
1	64	"W"	1	0.0936
1	65	"B"	1	0.1701
1	65	"W"	1	0.0777
1	66	"A"	1	0.0704
1	66	"B"	1	0.0722
1	66	"W"	1	0.0431
1	67	"B"	1	0.0449
1	67	"N"	1	0.0437
1	67	"W"	1	0.0557
1	68	"A"	1	0.0272
1	68	"B"	1	0.0497
1	68	"W"	1	0.0478
1	69	"B"	1	0.0882
1	69	"N"	1	0.3896
1	69	"W"	1	0.0552
1	70	"A"	1	0.027
1	70	"B"	1	0.0505
1	70	"W"	1	0.0344
1	71	"A"	1	0.0388
1	71	"B"	1	0.0104
1	71	"W"	1	0.0421
1	72	"A"	1	0.0314
1	72	"B"	1	0.0239
1	72	"W"	1	0.0359
1	73	"B"	1	0.034
1	73	"W"	1	0.0238
1	74	"A"	1	0.0099
1	74	"B"	1	0.0254
1	74	"W"	1	0.0325
1	75	"B"	1	0.0154
1	75	"W"	1	0.014
1	76	"A"	1	0.006
1	76	"B"	1	0.019
1	76	"W"	1	0.0324
1	77	"A"	1	0.0324
1	77	"B"	1	0.0738
1	77	"W"	1	0.0096
1	78	"B"	1	0.0195
1	78	"W"	1	0.0292
1	79	"N"	1	0.1093
1	79	"W"	1	0.0085
1	80	"W"	1	0.0233
1	81	"W"	1	0.014
1	82	"W"	1	0.0151
1	83	"B"	1	0.0207
1	83	"W"	1	0.0102
1	84	"A"	1	0.0149
1	84	"W"	1	0.012
1	85	"W"	1	0.0196
1	86	"W"	1	0.0023
1	87	"W"	1	0.0021
1	88	"B"	1	0.007
1	88	"W"	1	0.0031
1	89	"B"	1	0.0068
1	90	"W"	1	0.0079
1	91	"W"	1	0.0006
1	92	"W"	1	0.0097
1	93	"W"	1	0.006
1	94	"W"	1	0.0002
2	15	"A"	1	0.4884
2	15	"B"	1	0.6909
2	15	"N"	1	0.324
2	15	"W"	1	0.3373
2	16	"A"	1	0.2865
2	16	"B"	1	0.5799
2	16	"N"	1	1.1165
2	16	"W"	1	0.5033
2	17	"A"	1	0.604
2	17	"B"	1	0.5682
2	17	"N"	1	0.7504
2	17	"W"	1	1.0527
2	18	"A"	1	1.0927
2	18	"B"	1	1.5207
2	18	"N"	1	4.6949
2	18	"W"	1	2.3126
2	19	"A"	1	1.5402
2	19	"B"	1	1.8904
2	19	"N"	1	4.5375
2	19	"W"	1	3.5756
2	20	"A"	1	1.6889
2	20	"B"	1	2.7735
2	20	"N"	1	5.438
2	20	"W"	1	4.3153
2	21	"A"	1	3.1023
2	21	"B"	1	3.6107
2	21	"N"	1	9.5911
2	21	"W"	1	5.3012
2	22	"A"	1	4.1826
2	22	"B"	1	4.1921
2	22	"N"	1	4.3471
2	22	"W"	1	6.4936
2	23	"A"	1	6.016
2	23	"B"	1	4.7532
2	23	"N"	1	5.6851
2	23	"W"	1	6.7799
2	24	"A"	1	7.2514
2	24	"B"	1	5.3029
2	24	"N"	1	5.1268
2	24	"W"	1	7.1091
2	25	"A"	1	8.6183
2	25	"B"	1	4.9491
2	25	"N"	1	5.8919
2	25	"W"	1	7.4223
2	26	"A"	1	9.7222
2	26	"B"	1	6.3662
2	26	"N"	1	6.6845
2	26	"W"	1	7.2721
2	27	"A"	1	8.2356
2	27	"B"	1	5.2688
2	27	"N"	1	6.7943
2	27	"W"	1	6.6543
2	28	"A"	1	7.5307
2	28	"B"	1	5.6213
2	28	"N"	1	3.3862
2	28	"W"	1	5.8017
2	29	"A"	1	6.4289
2	29	"B"	1	5.2564
2	29	"N"	1	4.6638
2	29	"W"	1	5.3188
2	30	"A"	1	5.2305
2	30	"B"	1	4.7147
2	30	"N"	1	2.5204
2	30	"W"	1	4.5338
2	31	"A"	1	4.4525
2	31	"B"	1	4.0151
2	31	"N"	1	1.9219
2	31	"W"	1	3.6272
2	32	"A"	1	3.4746
2	32	"B"	1	3.9142
2	32	"N"	1	2.4966
2	32	"W"	1	2.9359
2	33	"A"	1	2.6382
2	33	"B"	1	3.5712
2	33	"N"	1	2.4692
2	33	"W"	1	2.4706
2	34	"A"	1	2.6538
2	34	"B"	1	3.1555
2	34	"N"	1	3.6296
2	34	"W"	1	1.8577
2	35	"A"	1	2.2596
2	35	"B"	1	2.4457
2	35	"N"	1	0.9445
2	35	"W"	1	1.6117
2	36	"A"	1	1.9051
2	36	"B"	1	2.1774
2	36	"N"	1	0.9134
2	36	"W"	1	1.3369
2	37	"A"	1	1.0535
2	37	"B"	1	2.705
2	37	"N"	1	1.8285
2	37	"W"	1	1.1443
2	38	"A"	1	1.0752
2	38	"B"	1	1.7328
2	38	"N"	1	1.1842
2	38	"W"	1	0.9876
2	39	"A"	1	1.0188
2	39	"B"	1	1.935
2	39	"N"	1	2.363
2	39	"W"	1	0.9071
2	40	"A"	1	0.9106
2	40	"B"	1	1.5842
2	40	"N"	1	0.6663
2	40	"W"	1	0.7661
2	41	"A"	1	0.814
2	41	"B"	1	1.7406
2	41	"N"	1	0.9719
2	41	"W"	1	0.7317
2	42	"A"	1	0.4109
2	42	"B"	1	1.3677
2	42	"N"	1	0.8511
2	42	"W"	1	0.5689
2	43	"A"	1	0.3876
2	43	"B"	1	1.311
2	43	"N"	1	0.2599
2	43	"W"	1	0.5201
2	44	"A"	1	0.5078
2	44	"B"	1	1.1052
2	44	"N"	1	1.3197
2	44	"W"	1	0.5366
2	45	"A"	1	0.3207
2	45	"B"	1	0.8008
2	45	"N"	1	0.7358
2	45	"W"	1	0.4489
2	46	"A"	1	0.3713
2	46	"B"	1	0.8242
2	46	"N"	1	1.651
2	46	"W"	1	0.408
2	47	"A"	1	0.3555
2	47	"B"	1	0.9872
2	47	"N"	1	0.6168
2	47	"W"	1	0.3915
2	48	"A"	1	0.4811
2	48	"B"	1	0.872
2	48	"N"	1	0.2947
2	48	"W"	1	0.3512
2	49	"A"	1	0.2819
2	49	"B"	1	0.8496
2	49	"N"	1	0.2929
2	49	"W"	1	0.4317
2	50	"A"	1	0.2621
2	50	"B"	1	0.4801
2	50	"N"	1	0.1373
2	50	"W"	1	0.3548
2	51	"A"	1	0.1713
2	51	"B"	1	0.745
2	51	"N"	1	0.1592
2	51	"W"	1	0.2776
2	52	"A"	1	0.2281
2	52	"B"	1	0.6692
2	52	"N"	1	0.2142
2	52	"W"	1	0.2983
2	53	"A"	1	0.3084
2	53	"B"	1	0.377
2	53	"N"	1	0.3057
2	53	"W"	1	0.2178
2	54	"A"	1	0.1645
2	54	"B"	1	0.3621
2	54	"N"	1	0.3844
2	54	"W"	1	0.2476
2	55	"A"	1	0.067
2	55	"B"	1	0.29
2	55	"N"	1	0.086
2	55	"W"	1	0.1699
2	56	"A"	1	0.1495
2	56	"B"	1	0.3164
2	56	"N"	1	0.0311
2	56	"W"	1	0.1972
2	57	"A"	1	0.175
2	57	"B"	1	0.2038
2	57	"N"	1	0.097
2	57	"W"	1	0.1565
2	58	"A"	1	0.139
2	58	"B"	1	0.153
2	58	"W"	1	0.1892
2	59	"A"	1	0.1535
2	59	"B"	1	0.1646
2	59	"N"	1	0.1135
2	59	"W"	1	0.1206
2	60	"A"	1	0.07
2	60	"B"	1	0.1813
2	60	"W"	1	0.1296
2	61	"A"	1	0.1139
2	61	"B"	1	0.1621
2	61	"N"	1	0.5912
2	61	"W"	1	0.0951
2	62	"A"	1	0.0318
2	62	"B"	1	0.0608
2	62	"W"	1	0.0974
2	63	"A"	1	0.1079
2	63	"B"	1	0.0619
2	63	"N"	1	0.3807
2	63	"W"	1	0.0796
2	64	"A"	1	0.0119
2	64	"B"	1	0.0264
2	64	"W"	1	0.0831
2	65	"A"	1	0.0593
2	65	"B"	1	0.0099
2	65	"N"	1	0.0513
2	65	"W"	1	0.0499
2	66	"A"	1	0.0127
2	66	"B"	1	0.0733
2	66	"N"	1	0.0403
2	66	"W"	1	0.0523
2	67	"A"	1	0.0783
2	67	"B"	1	0.1024
2	67	"N"	1	0.2288
2	67	"W"	1	0.0383
2	68	"B"	1	0.0106
2	68	"W"	1	0.0406
2	69	"B"	1	0.0955
2	69	"N"	1	0.0439
2	69	"W"	1	0.027
2	70	"A"	1	0.1066
2	70	"B"	1	0.0172
2	70	"W"	1	0.0377
2	71	"B"	1	0.0367
2	71	"N"	1	0.0238
2	71	"W"	1	0.0253
2	72	"A"	1	0.0362
2	72	"B"	1	0.0142
2	72	"W"	1	0.0193
2	73	"A"	1	0.0119
2	73	"B"	1	0.0065
2	73	"W"	1	0.0351
2	74	"A"	1	0.0065
2	74	"B"	1	0.0102
2	74	"W"	1	0.0126
2	75	"A"	1	0.0218
2	75	"B"	1	0.0415
2	75	"N"	1	0.0915
2	75	"W"	1	0.0187
2	76	"B"	1	0.0168
2	76	"W"	1	0.003
2	77	"B"	1	0.0089
2	77	"W"	1	0.0163
2	78	"B"	1	0.0155
2	78	"N"	1	0.0567
2	78	"W"	1	0.0149
2	79	"B"	1	0.0254
2	79	"W"	1	0.0136
2	80	"B"	1	0.0131
2	80	"W"	1	0.0098
2	81	"A"	1	0.0134
2	81	"W"	1	0.0066
2	82	"A"	1	0.0845
2	82	"W"	1	0.0036
2	83	"A"	1	0.0129
2	83	"W"	1	0.0107
2	84	"W"	1	0.0023
2	85	"B"	1	0.0075
2	85	"W"	1	0.0077
2	86	"W"	1	0.0009
2	87	"B"	1	0.0179
2	87	"W"	1	0.0001
2	88	"B"	1	0.0195
2	88	"W"	1	0.0025
2	89	"B"	1	0.0389
2	89	"W"	1	0.0046
2	90	"A"	1	0.0102
2	90	"W"	1	0.002
2	91	"B"	1	0.0117
2	91	"W"	1	0.0021
2	92	"W"	1	0.0029
2	93	"W"	1	0.002
2	94	"W"	1	0.0058
1	15	"H"	1	0.4017
1	16	"H"	1	0.4674
1	17	"H"	1	0.9867
1	18	"H"	1	1.8238
1	19	"H"	1	2.3863
1	20	"H"	1	3.2937
1	21	"H"	1	4.1887
1	22	"H"	1	4.9884
1	23	"H"	1	5.5489
1	24	"H"	1	5.8841
1	25	"H"	1	5.3945
1	26	"H"	1	5.5605
1	27	"H"	1	5.9044
1	28	"H"	1	5.6356
1	29	"H"	1	5.4648
1	30	"H"	1	4.7465
1	31	"H"	1	4.5586
1	32	"H"	1	3.6267
1	33	"H"	1	3.102
1	34	"H"	1	2.6048
1	35	"H"	1	2.8115
1	36	"H"	1	2.0279
1	37	"H"	1	2.2723
1	38	"H"	1	2.1273
1	39	"H"	1	1.7104
1	40	"H"	1	1.6488
1	41	"H"	1	1.3951
1	42	"H"	1	1.1126
1	43	"H"	1	0.9168
1	44	"H"	1	0.8458
1	45	"H"	1	0.7102
1	46	"H"	1	0.6239
1	47	"H"	1	0.8324
1	48	"H"	1	0.462
1	49	"H"	1	0.4823
1	50	"H"	1	0.3273
1	51	"H"	1	0.3925
1	52	"H"	1	0.3167
1	53	"H"	1	0.3333
1	54	"H"	1	0.3318
1	55	"H"	1	0.1731
1	56	"H"	1	0.1548
1	57	"H"	1	0.2368
1	58	"H"	1	0.1565
1	59	"H"	1	0.1909
1	60	"H"	1	0.0986
1	61	"H"	1	0.0864
1	62	"H"	1	0.0628
1	63	"H"	1	0.0757
1	64	"H"	1	0.063
1	65	"H"	1	0.0598
1	66	"H"	1	0.0481
1	67	"H"	1	0.0273
1	68	"H"	1	0.0163
1	69	"H"	1	0.0451
1	70	"H"	1	0.0102
1	71	"H"	1	0.022
1	72	"H"	1	0.0393
1	74	"H"	1	0.0788
1	75	"H"	1	0.0059
1	76	"H"	1	0.0129
1	77	"H"	1	0.0028
1	78	"H"	1	0.0137
1	79	"H"	1	0.0024
1	80	"H"	1	0.0106
1	81	"H"	1	0.0233
1	82	"H"	1	0.0091
1	84	"H"	1	0.0124
1	90	"H"	1	0.0123
2	15	"H"	1	0.6267
2	16	"H"	1	1.0774
2	17	"H"	1	1.7398
2	18	"H"	1	4.0372
2	19	"H"	1	4.7301
2	20	"H"	1	4.9366
2	21	"H"	1	6.0111
2	22	"H"	1	5.5886
2	23	"H"	1	5.6235
2	24	"H"	1	5.7481
2	25	"H"	1	5.475
2	26	"H"	1	5.9058
2	27	"H"	1	4.9461
2	28	"H"	1	5.2777
2	29	"H"	1	4.3428
2	30	"H"	1	4.0404
2	31	"H"	1	3.8191
2	32	"H"	1	2.7335
2	33	"H"	1	2.9363
2	34	"H"	1	2.6285
2	35	"H"	1	1.9847
2	36	"H"	1	1.7318
2	37	"H"	1	1.6996
2	38	"H"	1	1.3033
2	39	"H"	1	1.2721
2	40	"H"	1	1.0026
2	41	"H"	1	1.007
2	42	"H"	1	0.8019
2	43	"H"	1	0.8565
2	44	"H"	1	0.6972
2	45	"H"	1	0.5356
2	46	"H"	1	0.6543
2	47	"H"	1	0.5189
2	48	"H"	1	0.4064
2	49	"H"	1	0.4857
2	50	"H"	1	0.3781
2	51	"H"	1	0.4075
2	52	"H"	1	0.2626
2	53	"H"	1	0.199
2	54	"H"	1	0.1498
2	55	"H"	1	0.154
2	56	"H"	1	0.2301
2	57	"H"	1	0.0699
2	58	"H"	1	0.102
2	59	"H"	1	0.1036
2	60	"H"	1	0.1155
2	61	"H"	1	0.0749
2	62	"H"	1	0.0973
2	63	"H"	1	0.0844
2	64	"H"	1	0.0309
2	65	"H"	1	0.018
2	66	"H"	1	0.0446
2	67	"H"	1	0.0411
2	68	"H"	1	0.0268
2	69	"H"	1	0.0061
2	70	"H"	1	0.0293
2	71	"H"	1	0.0344
2	72	"H"	1	0.0156
2	73	"H"	1	0.0326
2	74	"H"	1	0.0059
2	75	"H"	1	0.013
2	77	"H"	1	0.0254
2	78	"H"	1	0.0077
2	79	"H"	1	0.0089
2	80	"H"	1	0.0097
2	81	"H"	1	0.0037
2	83	"H"	1	0.0067
2	84	"H"	1	0.0082
2	85	"H"	1	0.0131
2	93	"H"	1	0.0071
1	15	"HS"	1	0.98
1	16	"BS"	1	0.007
1	16	"HS"	1	0.7647
1	17	"BS"	1	0.0247
1	17	"HS"	1	1.0033
1	18	"ADV"	1	0.0394
1	18	"BS"	1	0.0651
1	18	"HS"	1	2.1394
1	19	"ADV"	1	0.0709
1	19	"BS"	1	0.1526
1	19	"HS"	1	2.9232
1	20	"ADV"	1	0.1082
1	20	"BS"	1	0.465
1	20	"HS"	1	3.6991
1	21	"ADV"	1	0.2478
1	21	"BS"	1	1.4854
1	21	"HS"	1	4.7795
1	22	"ADV"	1	0.9637
1	22	"BS"	1	3.5231
1	22	"HS"	1	5.3772
1	23	"ADV"	1	2.0232
1	23	"BS"	1	4.7738
1	23	"HS"	1	5.9486
1	24	"ADV"	1	3.5406
1	24	"BS"	1	6.0737
1	24	"HS"	1	5.5407
1	25	"ADV"	1	5.3081
1	25	"BS"	1	6.9608
1	25	"HS"	1	5.4094
1	26	"ADV"	1	7.3534
1	26	"BS"	1	8.1687
1	26	"HS"	1	5.2215
1	27	"ADV"	1	8.6364
1	27	"BS"	1	8.5298
1	27	"HS"	1	5.2473
1	28	"ADV"	1	9.8434
1	28	"BS"	1	7.6835
1	28	"HS"	1	5.0057
1	29	"ADV"	1	9.4711
1	29	"BS"	1	7.7655
1	29	"HS"	1	4.7519
1	30	"ADV"	1	8.305
1	30	"BS"	1	6.6728
1	30	"HS"	1	4.2376
1	31	"ADV"	1	7.5856
1	31	"BS"	1	5.8392
1	31	"HS"	1	3.8348
1	32	"ADV"	1	5.7789
1	32	"BS"	1	4.2371
1	32	"HS"	1	3.3976
1	33	"ADV"	1	4.1853
1	33	"BS"	1	3.8502
1	33	"HS"	1	2.8561
1	34	"ADV"	1	3.7087
1	34	"BS"	1	3.4055
1	34	"HS"	1	2.5652
1	35	"ADV"	1	3.1024
1	35	"BS"	1	2.8305
1	35	"HS"	1	2.4973
1	36	"ADV"	1	2.5331
1	36	"BS"	1	2.4295
1	36	"HS"	1	2.053
1	37	"ADV"	1	2.1476
1	37	"BS"	1	1.9231
1	37	"HS"	1	1.9363
1	38	"ADV"	1	1.8115
1	38	"BS"	1	1.6127
1	38	"HS"	1	1.9649
1	39	"ADV"	1	1.6151
1	39	"BS"	1	1.3429
1	39	"HS"	1	1.627
1	40	"ADV"	1	1.1548
1	40	"BS"	1	1.4288
1	40	"HS"	1	1.5424
1	41	"ADV"	1	0.917
1	41	"BS"	1	0.8906
1	41	"HS"	1	1.2794
1	42	"ADV"	1	1.2105
1	42	"BS"	1	0.8027
1	42	"HS"	1	1.1439
1	43	"ADV"	1	0.9583
1	43	"BS"	1	0.7378
1	43	"HS"	1	1.0037
1	44	"ADV"	1	0.4685
1	44	"BS"	1	0.5974
1	44	"HS"	1	0.8611
1	45	"ADV"	1	0.5767
1	45	"BS"	1	0.5451
1	45	"HS"	1	0.9847
1	46	"ADV"	1	0.5238
1	46	"BS"	1	0.5896
1	46	"HS"	1	0.7904
1	47	"ADV"	1	0.4167
1	47	"BS"	1	0.3933
1	47	"HS"	1	0.7426
1	48	"ADV"	1	0.7278
1	48	"BS"	1	0.3599
1	48	"HS"	1	0.6445
1	49	"ADV"	1	0.4736
1	49	"BS"	1	0.3824
1	49	"HS"	1	0.5938
1	50	"ADV"	1	0.3921
1	50	"BS"	1	0.283
1	50	"HS"	1	0.5176
1	51	"ADV"	1	0.2003
1	51	"BS"	1	0.3002
1	51	"HS"	1	0.5149
1	52	"ADV"	1	0.3237
1	52	"BS"	1	0.2574
1	52	"HS"	1	0.3923
1	53	"ADV"	1	0.1895
1	53	"BS"	1	0.2549
1	53	"HS"	1	0.356
1	54	"ADV"	1	0.2369
1	54	"BS"	1	0.2119
1	54	"HS"	1	0.3638
1	55	"ADV"	1	0.1524
1	55	"BS"	1	0.2214
1	55	"HS"	1	0.2994
1	56	"ADV"	1	0.325
1	56	"BS"	1	0.1842
1	56	"HS"	1	0.2313
1	57	"ADV"	1	0.2806
1	57	"BS"	1	0.2523
1	57	"HS"	1	0.3098
1	58	"ADV"	1	0.1385
1	58	"BS"	1	0.1828
1	58	"HS"	1	0.1975
1	59	"ADV"	1	0.1457
1	59	"BS"	1	0.1001
1	59	"HS"	1	0.1937
1	60	"ADV"	1	0.2396
1	60	"BS"	1	0.1682
1	60	"HS"	1	0.1372
1	61	"ADV"	1	0.224
1	61	"BS"	1	0.1151
1	61	"HS"	1	0.0963
1	62	"ADV"	1	0.1863
1	62	"BS"	1	0.1485
1	62	"HS"	1	0.1204
1	63	"ADV"	1	0.1331
1	63	"BS"	1	0.0566
1	63	"HS"	1	0.1258
1	64	"ADV"	1	0.1443
1	64	"BS"	1	0.1371
1	64	"HS"	1	0.0905
1	65	"ADV"	1	0.0551
1	65	"BS"	1	0.0694
1	65	"HS"	1	0.0911
1	66	"ADV"	1	0.0495
1	66	"BS"	1	0.0458
1	66	"HS"	1	0.0492
1	67	"ADV"	1	0.1149
1	67	"BS"	1	0.0754
1	67	"HS"	1	0.0324
1	68	"ADV"	1	0.0466
1	68	"BS"	1	0.0557
1	68	"HS"	1	0.0465
1	69	"ADV"	1	0.1424
1	69	"BS"	1	0.0609
1	69	"HS"	1	0.0495
1	70	"ADV"	1	0.032
1	70	"BS"	1	0.022
1	70	"HS"	1	0.0306
1	71	"ADV"	1	0.0523
1	71	"BS"	1	0.0185
1	71	"HS"	1	0.0619
1	72	"ADV"	1	0.0497
1	72	"BS"	1	0.0368
1	72	"HS"	1	0.0498
1	73	"ADV"	1	0.0581
1	73	"BS"	1	0.0021
1	73	"HS"	1	0.0329
1	74	"ADV"	1	0.0507
1	74	"BS"	1	0.0081
1	74	"HS"	1	0.0485
1	75	"ADV"	1	0.019
1	75	"BS"	1	0.0072
1	75	"HS"	1	0.0068
1	76	"ADV"	1	0.0191
1	76	"BS"	1	0.0279
1	76	"HS"	1	0.0316
1	77	"ADV"	1	0.049
1	77	"BS"	1	0.0065
1	77	"HS"	1	0.022
1	78	"ADV"	1	0.0621
1	78	"BS"	1	0.0111
1	78	"HS"	1	0.0318
1	79	"ADV"	1	0.0256
1	79	"BS"	1	0.0073
1	80	"BS"	1	0.0156
1	80	"HS"	1	0.0172
1	81	"BS"	1	0.0245
1	81	"HS"	1	0.0097
1	82	"ADV"	1	0.0051
1	82	"BS"	1	0.0267
1	82	"HS"	1	0.0112
1	83	"ADV"	1	0.0095
1	83	"BS"	1	0.0089
1	83	"HS"	1	0.0139
1	84	"ADV"	1	0.0146
1	84	"BS"	1	0.0036
1	84	"HS"	1	0.0117
1	85	"ADV"	1	0.0088
1	85	"BS"	1	0.0293
1	85	"HS"	1	0.0178
1	86	"ADV"	1	0.0018
1	86	"HS"	1	0.0039
1	88	"ADV"	1	0.0008
1	88	"HS"	1	0.002
1	89	"ADV"	1	0.0067
1	90	"ADV"	1	0.0078
1	90	"BS"	1	0.0043
1	90	"HS"	1	0.0127
1	91	"BS"	1	0.002
1	92	"BS"	1	0.0035
1	92	"HS"	1	0.0121
1	93	"BS"	1	0.0036
1	93	"HS"	1	0.0094
2	15	"HS"	1	1.3608
2	16	"BS"	1	0.0151
2	16	"HS"	1	1.5094
2	17	"ADV"	1	0.0416
2	17	"BS"	1	0.0153
2	17	"HS"	1	2.5927
2	18	"ADV"	1	0.0661
2	18	"BS"	1	0.1872
2	18	"HS"	1	4.6362
2	19	"ADV"	1	0.0783
2	19	"BS"	1	0.5514
2	19	"HS"	1	5.8946
2	20	"ADV"	1	0.1656
2	20	"BS"	1	1.4709
2	20	"HS"	1	5.7509
2	21	"ADV"	1	0.6475
2	21	"BS"	1	3.0206
2	21	"HS"	1	6.2584
2	22	"ADV"	1	1.6255
2	22	"BS"	1	6.1117
2	22	"HS"	1	5.9915
2	23	"ADV"	1	3.28
2	23	"BS"	1	7.6596
2	23	"HS"	1	5.8972
2	24	"ADV"	1	5.805
2	24	"BS"	1	8.6546
2	24	"HS"	1	5.4815
2	25	"ADV"	1	7.9028
2	25	"BS"	1	9.2651
2	25	"HS"	1	5.2446
2	26	"ADV"	1	9.3169
2	26	"BS"	1	9.1863
2	26	"HS"	1	4.8064
2	27	"ADV"	1	9.8532
2	27	"BS"	1	8.4251
2	27	"HS"	1	4.1263
2	28	"ADV"	1	9.596
2	28	"BS"	1	7.4614
2	28	"HS"	1	3.9193
2	29	"ADV"	1	8.6962
2	29	"BS"	1	6.6516
2	29	"HS"	1	3.8284
2	30	"ADV"	1	7.2282
2	30	"BS"	1	5.2688
2	30	"HS"	1	3.2081
2	31	"ADV"	1	5.998
2	31	"BS"	1	4.2804
2	31	"HS"	1	2.9205
2	32	"ADV"	1	4.8585
2	32	"BS"	1	3.3167
2	32	"HS"	1	2.3468
2	33	"ADV"	1	3.739
2	33	"BS"	1	2.9259
2	33	"HS"	1	2.3431
2	34	"ADV"	1	3.3031
2	34	"BS"	1	2.0863
2	34	"HS"	1	2.0775
2	35	"ADV"	1	2.3685
2	35	"BS"	1	1.7851
2	35	"HS"	1	1.7411
2	36	"ADV"	1	2.0614
2	36	"BS"	1	1.4083
2	36	"HS"	1	1.5165
2	37	"ADV"	1	1.4445
2	37	"BS"	1	1.1479
2	37	"HS"	1	1.5267
2	38	"ADV"	1	1.417
2	38	"BS"	1	1.1022
2	38	"HS"	1	1.1213
2	39	"ADV"	1	1.2731
2	39	"BS"	1	0.8639
2	39	"HS"	1	1.3746
2	40	"ADV"	1	1.1148
2	40	"BS"	1	0.7751
2	40	"HS"	1	1.0672
2	41	"ADV"	1	0.8762
2	41	"BS"	1	0.7791
2	41	"HS"	1	0.9297
2	42	"ADV"	1	0.6753
2	42	"BS"	1	0.5425
2	42	"HS"	1	0.8295
2	43	"ADV"	1	0.5434
2	43	"BS"	1	0.3724
2	43	"HS"	1	1.0295
2	44	"ADV"	1	0.4281
2	44	"BS"	1	0.4818
2	44	"HS"	1	0.8151
2	45	"ADV"	1	0.4135
2	45	"BS"	1	0.4313
2	45	"HS"	1	0.6196
2	46	"ADV"	1	0.4238
2	46	"BS"	1	0.2939
2	46	"HS"	1	0.7632
2	47	"ADV"	1	0.3451
2	47	"BS"	1	0.3401
2	47	"HS"	1	0.5876
2	48	"ADV"	1	0.3145
2	48	"BS"	1	0.3149
2	48	"HS"	1	0.6069
2	49	"ADV"	1	0.3516
2	49	"BS"	1	0.4115
2	49	"HS"	1	0.6727
2	50	"ADV"	1	0.327
2	50	"BS"	1	0.3338
2	50	"HS"	1	0.4567
2	51	"ADV"	1	0.2445
2	51	"BS"	1	0.2646
2	51	"HS"	1	0.5126
2	52	"ADV"	1	0.2938
2	52	"BS"	1	0.2422
2	52	"HS"	1	0.4693
2	53	"ADV"	1	0.2377
2	53	"BS"	1	0.1567
2	53	"HS"	1	0.3572
2	54	"ADV"	1	0.291
2	54	"BS"	1	0.1798
2	54	"HS"	1	0.2613
2	55	"ADV"	1	0.1876
2	55	"BS"	1	0.0791
2	55	"HS"	1	0.2548
2	56	"ADV"	1	0.2941
2	56	"BS"	1	0.1461
2	56	"HS"	1	0.272
2	57	"ADV"	1	0.1692
2	57	"BS"	1	0.1408
2	57	"HS"	1	0.2454
2	58	"ADV"	1	0.2629
2	58	"BS"	1	0.1657
2	58	"HS"	1	0.2106
2	59	"ADV"	1	0.1444
2	59	"BS"	1	0.1654
2	59	"HS"	1	0.122
2	60	"ADV"	1	0.1497
2	60	"BS"	1	0.0839
2	60	"HS"	1	0.1757
2	61	"ADV"	1	0.1372
2	61	"BS"	1	0.0493
2	61	"HS"	1	0.1768
2	62	"ADV"	1	0.2074
2	62	"BS"	1	0.0507
2	62	"HS"	1	0.1014
2	63	"ADV"	1	0.1258
2	63	"BS"	1	0.0609
2	63	"HS"	1	0.09
2	64	"ADV"	1	0.1278
2	64	"BS"	1	0.051
2	64	"HS"	1	0.0946
2	65	"ADV"	1	0.0896
2	65	"BS"	1	0.0219
2	65	"HS"	1	0.0594
2	66	"ADV"	1	0.0986
2	66	"BS"	1	0.0285
2	66	"HS"	1	0.059
2	67	"ADV"	1	0.0284
2	67	"BS"	1	0.0055
2	67	"HS"	1	0.0979
2	68	"ADV"	1	0.0754
2	68	"BS"	1	0.0084
2	68	"HS"	1	0.045
2	69	"ADV"	1	0.0767
2	69	"BS"	1	0.0059
2	69	"HS"	1	0.0416
2	70	"ADV"	1	0.0588
2	70	"BS"	1	0.0376
2	70	"HS"	1	0.0596
2	71	"BS"	1	0.0046
2	71	"HS"	1	0.0339
2	72	"ADV"	1	0.0137
2	72	"BS"	1	0.0186
2	72	"HS"	1	0.0359
2	73	"ADV"	1	0.0358
2	73	"BS"	1	0.0184
2	73	"HS"	1	0.0482
2	74	"ADV"	1	0.0084
2	74	"BS"	1	0.0082
2	74	"HS"	1	0.0158
2	75	"ADV"	1	0.005
2	75	"BS"	1	0.0195
2	75	"HS"	1	0.0304
2	76	"BS"	1	0.0052
2	76	"HS"	1	0.0088
2	77	"ADV"	1	0.0281
2	77	"HS"	1	0.0238
2	78	"HS"	1	0.0344
2	79	"ADV"	1	0.0056
2	79	"HS"	1	0.0359
2	80	"ADV"	1	0.0126
2	80	"HS"	1	0.0229
2	81	"BS"	1	0.0091
2	81	"HS"	1	0.0121
2	82	"ADV"	1	0.0042
2	82	"BS"	1	0.0054
2	82	"HS"	1	0.0269
2	83	"BS"	1	0.006
2	83	"HS"	1	0.0241
2	84	"HS"	1	0.0057
2	85	"BS"	1	0.0033
2	85	"HS"	1	0.019
2	86	"BS"	1	0.0026
2	87	"ADV"	1	0.0006
2	87	"HS"	1	0.0064
2	88	"BS"	1	0.0077
2	89	"ADV"	1	0.0026
2	89	"HS"	1	0.024
2	90	"BS"	1	0.0055
2	90	"HS"	1	0.003
2	91	"HS"	1	0.0094
2	92	"HS"	1	0.0035
2	93	"BS"	1	0.004
2	93	"HS"	1	0.0049
2	94	"ADV"	1	0.0035
2	94	"HS"	1	0.0127
1	14	"NILF"	1	0.0083
1	15	"EMP"	1	0.0718
1	15	"NILF"	1	1.4374
1	15	"UNEMP"	1	0.1121
1	16	"EMP"	1	0.1534
1	16	"NILF"	1	1.7825
1	16	"UNEMP"	1	0.478
1	17	"EMP"	1	0.3678
1	17	"NILF"	1	1.466
1	17	"UNEMP"	1	0.9372
1	18	"EMP"	1	0.8905
1	18	"NILF"	1	2.498
1	18	"UNEMP"	1	2.6915
1	19	"EMP"	1	1.5821
1	19	"NILF"	1	2.3125
1	19	"UNEMP"	1	2.8112
1	20	"EMP"	1	2.4077
1	20	"NILF"	1	3.1067
1	20	"UNEMP"	1	3.9099
1	21	"EMP"	1	3.4579
1	21	"NILF"	1	3.8497
1	21	"UNEMP"	1	4.9085
1	22	"EMP"	1	4.6374
1	22	"NILF"	1	4.5019
1	22	"UNEMP"	1	5.3235
1	23	"EMP"	1	5.3284
1	23	"NILF"	1	5.4304
1	23	"UNEMP"	1	6.4599
1	24	"EMP"	1	5.855
1	24	"NILF"	1	4.6599
1	24	"UNEMP"	1	5.4952
1	25	"EMP"	1	6.1807
1	25	"NILF"	1	4.7381
1	25	"UNEMP"	1	6.4492
1	26	"EMP"	1	7.0014
1	26	"NILF"	1	4.4103
1	26	"UNEMP"	1	5.2227
1	27	"EMP"	1	6.9961
1	27	"NILF"	1	4.7904
1	27	"UNEMP"	1	5.3467
1	28	"EMP"	1	6.7425
1	28	"NILF"	1	4.4517
1	28	"UNEMP"	1	5.467
1	29	"EMP"	1	6.4434
1	29	"NILF"	1	3.7853
1	29	"UNEMP"	1	4.6156
1	30	"EMP"	1	5.68
1	30	"NILF"	1	3.9544
1	30	"UNEMP"	1	4.1192
1	31	"EMP"	1	5.0934
1	31	"NILF"	1	3.0367
1	31	"UNEMP"	1	3.6838
1	32	"EMP"	1	4.0618
1	32	"NILF"	1	3.2308
1	32	"UNEMP"	1	2.9029
1	33	"EMP"	1	3.407
1	33	"NILF"	1	2.5979
1	33	"UNEMP"	1	3.8561
1	34	"EMP"	1	3.0437
1	34	"NILF"	1	2.2004
1	34	"UNEMP"	1	2.5484
1	35	"EMP"	1	2.6005
1	35	"NILF"	1	2.1054
1	35	"UNEMP"	1	2.9336
1	36	"EMP"	1	2.2144
1	36	"NILF"	1	1.8465
1	36	"UNEMP"	1	1.7092
1	37	"EMP"	1	1.9163
1	37	"NILF"	1	1.5755
1	37	"UNEMP"	1	1.7287
1	38	"EMP"	1	1.7544
1	38	"NILF"	1	1.58
1	38	"UNEMP"	1	1.7631
1	39	"EMP"	1	1.5054
1	39	"NILF"	1	1.3231
1	39	"UNEMP"	1	2.0165
1	40	"EMP"	1	1.3495
1	40	"NILF"	1	1.6688
1	40	"UNEMP"	1	1.3591
1	41	"EMP"	1	1.0409
1	41	"NILF"	1	0.9546
1	41	"UNEMP"	1	1.5414
1	42	"EMP"	1	0.9553
1	42	"NILF"	1	0.7844
1	42	"UNEMP"	1	1.0781
1	43	"EMP"	1	0.8541
1	43	"NILF"	1	0.6272
1	43	"UNEMP"	1	1.013
1	44	"EMP"	1	0.636
1	44	"NILF"	1	1.0332
1	44	"UNEMP"	1	1.0662
1	45	"EMP"	1	0.6854
1	45	"NILF"	1	1.1336
1	45	"UNEMP"	1	0.6139
1	46	"EMP"	1	0.6187
1	46	"NILF"	1	0.9381
1	46	"UNEMP"	1	0.6606
1	47	"EMP"	1	0.5692
1	47	"NILF"	1	0.7492
1	47	"UNEMP"	1	0.4658
1	48	"EMP"	1	0.5056
1	48	"NILF"	1	0.7277
1	48	"UNEMP"	1	0.6067
1	49	"EMP"	1	0.4516
1	49	"NILF"	1	0.824
1	49	"UNEMP"	1	0.5146
1	50	"EMP"	1	0.3442
1	50	"NILF"	1	0.6553
1	50	"UNEMP"	1	0.6033
1	51	"EMP"	1	0.3658
1	51	"NILF"	1	0.548
1	51	"UNEMP"	1	0.5807
1	52	"EMP"	1	0.3052
1	52	"NILF"	1	0.6888
1	52	"UNEMP"	1	0.2424
1	53	"EMP"	1	0.2696
1	53	"NILF"	1	0.5419
1	53	"UNEMP"	1	0.3405
1	54	"EMP"	1	0.2662
1	54	"NILF"	1	0.718
1	54	"UNEMP"	1	0.2691
1	55	"EMP"	1	0.199
1	55	"NILF"	1	0.6224
1	55	"UNEMP"	1	0.1729
1	56	"EMP"	1	0.1769
1	56	"NILF"	1	0.6528
1	56	"UNEMP"	1	0.3182
1	57	"EMP"	1	0.2007
1	57	"NILF"	1	0.7756
1	57	"UNEMP"	1	0.1337
1	58	"EMP"	1	0.1402
1	58	"NILF"	1	0.6748
1	58	"UNEMP"	1	0.0808
1	59	"EMP"	1	0.1136
1	59	"NILF"	1	0.7078
1	59	"UNEMP"	1	0.0291
1	60	"EMP"	1	0.0998
1	60	"NILF"	1	0.5557
1	60	"UNEMP"	1	0.1707
1	61	"EMP"	1	0.0924
1	61	"NILF"	1	0.4726
1	61	"UNEMP"	1	0.1096
1	62	"EMP"	1	0.0831
1	62	"NILF"	1	0.5386
1	62	"UNEMP"	1	0.0576
1	63	"EMP"	1	0.0398
1	63	"NILF"	1	0.5778
1	63	"UNEMP"	1	0.0805
1	64	"EMP"	1	0.0456
1	64	"NILF"	1	0.5426
1	64	"UNEMP"	1	0.0298
1	65	"EMP"	1	0.0353
1	65	"NILF"	1	0.4955
1	65	"UNEMP"	1	0.0404
1	66	"EMP"	1	0.0284
1	66	"NILF"	1	0.2863
1	67	"EMP"	1	0.0285
1	67	"NILF"	1	0.2233
1	68	"EMP"	1	0.0071
1	68	"NILF"	1	0.3577
1	68	"UNEMP"	1	0.0511
1	69	"EMP"	1	0.024
1	69	"NILF"	1	0.328
1	69	"UNEMP"	1	0.0752
1	70	"EMP"	1	0.0114
1	70	"NILF"	1	0.2487
1	70	"UNEMP"	1	0.0153
1	71	"EMP"	1	0.0122
1	71	"NILF"	1	0.2961
1	72	"EMP"	1	0.0132
1	72	"NILF"	1	0.2717
1	72	"UNEMP"	1	0.0169
1	73	"EMP"	1	0.0003
1	73	"NILF"	1	0.2032
1	73	"UNEMP"	1	0.0363
1	74	"EMP"	1	0.0086
1	74	"NILF"	1	0.2422
1	74	"UNEMP"	1	0.037
1	75	"EMP"	1	0.0017
1	75	"NILF"	1	0.1234
1	76	"EMP"	1	0.009
1	76	"NILF"	1	0.175
1	76	"UNEMP"	1	0.0589
1	77	"EMP"	1	0.0051
1	77	"NILF"	1	0.145
1	78	"EMP"	1	0.0056
1	78	"NILF"	1	0.1961
1	79	"EMP"	1	0.0033
1	79	"NILF"	1	0.0321
1	79	"UNEMP"	1	0.0238
1	80	"NILF"	1	0.1799
1	81	"NILF"	1	0.1084
1	82	"NILF"	1	0.1169
1	83	"NILF"	1	0.103
1	84	"EMP"	1	0.002
1	84	"NILF"	1	0.0862
1	85	"NILF"	1	0.1512
1	86	"NILF"	1	0.0178
1	87	"NILF"	1	0.0159
1	88	"NILF"	1	0.0324
1	89	"NILF"	1	0.0079
1	90	"EMP"	1	0.001
1	90	"NILF"	1	0.061
1	91	"NILF"	1	0.0048
1	92	"EMP"	1	0.0019
1	92	"NILF"	1	0.057
1	93	"NILF"	1	0.038
1	93	"UNEMP"	1	0.0172
1	94	"NILF"	1	0.0015
2	15	"EMP"	1	0.0481
2	15	"NILF"	1	0.7411
2	15	"UNEMP"	1	0.3376
2	16	"EMP"	1	0.2503
2	16	"NILF"	1	1.2124
2	16	"UNEMP"	1	1.0164
2	17	"EMP"	1	0.6125
2	17	"NILF"	1	1.937
2	17	"UNEMP"	1	2.0471
2	18	"EMP"	1	1.5087
2	18	"NILF"	1	3.8236
2	18	"UNEMP"	1	4.2457
2	19	"EMP"	1	2.5215
2	19	"NILF"	1	5.0309
2	19	"UNEMP"	1	5.5974
2	20	"EMP"	1	3.3108
2	20	"NILF"	1	5.5733
2	20	"UNEMP"	1	5.4496
2	21	"EMP"	1	4.4741
2	21	"NILF"	1	6.1014
2	21	"UNEMP"	1	7.1253
2	22	"EMP"	1	5.6969
2	22	"NILF"	1	6.6103
2	22	"UNEMP"	1	6.5864
2	23	"EMP"	1	6.3535
2	23	"NILF"	1	6.7216
2	23	"UNEMP"	1	6.6847
2	24	"EMP"	1	6.931
2	24	"NILF"	1	6.6443
2	24	"UNEMP"	1	6.5815
2	25	"EMP"	1	7.477
2	25	"NILF"	1	6.4305
2	25	"UNEMP"	1	6.2312
2	26	"EMP"	1	7.5192
2	26	"NILF"	1	6.5992
2	26	"UNEMP"	1	6.274
2	27	"EMP"	1	7.1357
2	27	"NILF"	1	5.1625
2	27	"UNEMP"	1	4.5112
2	28	"EMP"	1	6.5028
2	28	"NILF"	1	4.387
2	28	"UNEMP"	1	4.7473
2	29	"EMP"	1	5.8967
2	29	"NILF"	1	4.1334
2	29	"UNEMP"	1	3.6067
2	30	"EMP"	1	5.1029
2	30	"NILF"	1	3.3569
2	30	"UNEMP"	1	3.6302
2	31	"EMP"	1	4.0641
2	31	"NILF"	1	3.1389
2	31	"UNEMP"	1	3.1598
2	32	"EMP"	1	3.3321
2	32	"NILF"	1	2.4703
2	32	"UNEMP"	1	2.6212
2	33	"EMP"	1	2.906
2	33	"NILF"	1	2.0604
2	33	"UNEMP"	1	2.5674
2	34	"EMP"	1	2.326
2	34	"NILF"	1	1.6637
2	34	"UNEMP"	1	2.3094
2	35	"EMP"	1	1.8618
2	35	"NILF"	1	1.6394
2	35	"UNEMP"	1	1.4605
2	36	"EMP"	1	1.6226
2	36	"NILF"	1	1.122
2	36	"UNEMP"	1	1.7998
2	37	"EMP"	1	1.3963
2	37	"NILF"	1	1.3119
2	37	"UNEMP"	1	0.8626
2	38	"EMP"	1	1.1675
2	38	"NILF"	1	0.9646
2	38	"UNEMP"	1	1.0685
2	39	"EMP"	1	1.1082
2	39	"NILF"	1	0.9031
2	39	"UNEMP"	1	1.1663
2	40	"EMP"	1	1.0038
2	40	"NILF"	1	0.626
2	40	"UNEMP"	1	0.6303
2	41	"EMP"	1	0.8701
2	41	"NILF"	1	0.6941
2	41	"UNEMP"	1	1.5073
2	42	"EMP"	1	0.7031
2	42	"NILF"	1	0.6108
2	42	"UNEMP"	1	0.7188
2	43	"EMP"	1	0.6009
2	43	"NILF"	1	0.5989
2	43	"UNEMP"	1	0.8952
2	44	"EMP"	1	0.6478
2	44	"NILF"	1	0.5403
2	44	"UNEMP"	1	0.422
2	45	"EMP"	1	0.5129
2	45	"NILF"	1	0.4047
2	45	"UNEMP"	1	0.4258
2	46	"EMP"	1	0.501
2	46	"NILF"	1	0.4451
2	46	"UNEMP"	1	0.5586
2	47	"EMP"	1	0.4736
2	47	"NILF"	1	0.3509
2	47	"UNEMP"	1	0.5756
2	48	"EMP"	1	0.4182
2	48	"NILF"	1	0.407
2	48	"UNEMP"	1	0.4044
2	49	"EMP"	1	0.4753
2	49	"NILF"	1	0.4613
2	49	"UNEMP"	1	0.3176
2	50	"EMP"	1	0.3919
2	50	"NILF"	1	0.2685
2	50	"UNEMP"	1	0.3729
2	51	"EMP"	1	0.3215
2	51	"NILF"	1	0.3149
2	51	"UNEMP"	1	0.2936
2	52	"EMP"	1	0.3131
2	52	"NILF"	1	0.4018
2	52	"UNEMP"	1	0.1148
2	53	"EMP"	1	0.2329
2	53	"NILF"	1	0.2618
2	53	"UNEMP"	1	0.1805
2	54	"EMP"	1	0.2171
2	54	"NILF"	1	0.3406
2	54	"UNEMP"	1	0.0813
2	55	"EMP"	1	0.1763
2	55	"NILF"	1	0.2091
2	55	"UNEMP"	1	0.0648
2	56	"EMP"	1	0.1937
2	56	"NILF"	1	0.2847
2	56	"UNEMP"	1	0.1088
2	57	"EMP"	1	0.1446
2	57	"NILF"	1	0.2166
2	57	"UNEMP"	1	0.0382
2	58	"EMP"	1	0.154
2	58	"NILF"	1	0.1866
2	58	"UNEMP"	1	0.2436
2	59	"EMP"	1	0.1011
2	59	"NILF"	1	0.2184
2	59	"UNEMP"	1	0.0856
2	60	"EMP"	1	0.1082
2	60	"NILF"	1	0.1979
2	60	"UNEMP"	1	0.0431
2	61	"EMP"	1	0.0544
2	61	"NILF"	1	0.2502
2	61	"UNEMP"	1	0.0431
2	62	"EMP"	1	0.0539
2	62	"NILF"	1	0.176
2	62	"UNEMP"	1	0.0171
2	63	"EMP"	1	0.0375
2	63	"NILF"	1	0.2069
2	64	"EMP"	1	0.0217
2	64	"NILF"	1	0.1974
2	65	"EMP"	1	0.0205
2	65	"NILF"	1	0.11
2	65	"UNEMP"	1	0.0197
2	66	"EMP"	1	0.0256
2	66	"NILF"	1	0.1207
2	67	"EMP"	1	0.0316
2	67	"NILF"	1	0.0931
2	67	"UNEMP"	1	0.0336
2	68	"EMP"	1	0.0171
2	68	"NILF"	1	0.0843
2	69	"EMP"	1	0.0108
2	69	"NILF"	1	0.1018
2	70	"EMP"	1	0.0071
2	70	"NILF"	1	0.1218
2	70	"UNEMP"	1	0.0509
2	71	"EMP"	1	0.0021
2	71	"NILF"	1	0.0853
2	72	"EMP"	1	0.0053
2	72	"NILF"	1	0.0595
2	73	"EMP"	1	0.0034
2	73	"NILF"	1	0.0828
2	73	"UNEMP"	1	0.0654
2	74	"EMP"	1	0.0011
2	74	"NILF"	1	0.0385
2	75	"EMP"	1	0.0085
2	75	"NILF"	1	0.0562
2	76	"EMP"	1	0.0012
2	76	"NILF"	1	0.012
2	77	"EMP"	1	0.0077
2	77	"NILF"	1	0.0483
2	78	"EMP"	1	0.0014
2	78	"NILF"	1	0.0461
2	79	"EMP"	1	0.0011
2	79	"NILF"	1	0.0538
2	80	"NILF"	1	0.0328
2	81	"EMP"	1	0.0006
2	81	"NILF"	1	0.0213
2	82	"NILF"	1	0.0382
2	83	"NILF"	1	0.0395
2	84	"NILF"	1	0.0065
2	85	"NILF"	1	0.0247
2	86	"NILF"	1	0.0027
2	87	"NILF"	1	0.0075
2	88	"NILF"	1	0.0148
2	89	"NILF"	1	0.0285
2	90	"NILF"	1	0.0089
2	91	"NILF"	1	0.0106
2	92	"NILF"	1	0.0081
2	93	"NILF"	1	0.0153
2	94	"NILF"	1	0.0162
